timestamp,kode_klasifikasi,nomor_surat_laporan,nama_petugas,nip,tanggal_pelaporan,waktu_pelaporan,sumber_informasi,koordinat,rt_rw,desa,kecamatan,jenis_bencana,tanggal_kejadian,waktu_kejadian,penyebab,kronologi,korban_meninggal,korban_luka,korban_hilang,pengungsi,rumah_rusak_berat,rumah_rusak_sedang,rumah_rusak_ringan,fasilitas_umum,kerusakan_fasilitas,kerugian,dampak_lainnya,status_penanganan,kebutuhan,upaya_penanganan,kendala,rencana_tindak_lanjut,personil_terlibat,upload_foto_video,kondisi_terkini,latitude,longitude,koordinat_parse_status,datetime_kejadian,datetime_pelaporan,durasi_pelaporan_jam,total_korban,total_rumah_terdampak,total_pengungsi,tahun,bulan,nama_bulan,triwulan,semester,is_penanganan_selesai
2026-01-12 12:42:53.560,102.0,,"Didik Santoso, S.E., M.M",199210232025211012,2026-01-04,15:30:00,MEDIA SOSIAL,"7.727758,111.771891",Lingkungan Pasar Sawahan,SAWAHAN,SAWAHAN,LONGSOR,2026-01-03,15:30:00,Hujan Deras Disertai Angin,"Pada hari Sabtu, 03 Januari 2026 pukul 15.30 WIB telah terjadi hujan wilayah Sawahan. 
•	Pada pukul 18.50 WIB telah terjadi Tanggul Penahan Tanah  Ambrol.
•	Kemudian warga yang terdampak mengunggah media sosial.
•	Pukul Senin, 05 Januari 2026 Pukul 10.00 WIB Pusdalops BPBD NGANJUK memberangkatkan 1 team bersama Bapak KABID KL, Bapak KALAKSA BPBD NGANJUK, Ibu KADIS DISPERINDAG dan PUPR untuk assesment tanggul penahan tanah yang ambrol..",,,,Pemilik rumah. 1. Anita Setyowati 35 Tahun. 2. Revina Devianti Tenteh 23 Tahun.,,,,Pasar / Gedung Umum,1.	Pondasi bangunan pasar ambrol. 2.	Material menutup saluran irigasi.  •	Dimensi Pondasi TPT Pasar Sawahan : •	Panjang 10 Meter. •	Lebar 3 Meter. •	Tinggi 4 Meter.,500000000.0,,BELUM DITANGANI,Perbaikan Tanggul Penahan Tanah.,TT,B,RR,,https://drive.google.com/open?id=1ddY89I6izybN3rKJsBPQrdjMzihmqzpu,"Berdasarkan hasil pengecekan lapangan, serta penjelasan masyarakat sekitar. Bahwa telah terjadi kerusakan signifikan pada Tanggul Penahan Tanah (TPT) Pasar Sawahan dengan dimensi kerusakan mencapai Panjang 10m, Lebar 3m, dan Tinggi 4m. •	Longsornya tanggul dipicu oleh curah hujan tinggi pada Sabtu, 03 Januari 2026 yang mengakibatkan penggerusan (erosi) struktur tanah di bawah pondasi pasar. •	Material longsoran sempat menyumbat saluran irigasi dan mengancam rumah warga. •	Saat ini area sudah dipasang Police Line, ditutup terpal untuk mencegah erosi susulan, dan aliran air sudah dialihkan sementara menggunakan pipa sehingga irigasi kembali lancar.",-7.727758,111.771891,ok_decimal_sign_corrected,2026-01-03 15:30:00,2026-01-04 15:30:00,24.0,0.0,0.0,,2026,1,January,1,1,False
2026-01-13 11:53:22.120,102.1,,DIDIK SANTOSO,1,2026-01-04,15:30:00,MEDIA SOSIAL,"7.727758,111.771891",Lingkungan Pasar Sawahan,Sawahan,SAWAHAN,LONGSOR,2026-01-03,15:30:00,Hujan Deras Disertai Angin,"Pada hari Sabtu, 03 Januari 2026 pukul 15.30 WIB telah terjadi hujan wilayah Sawahan. 
•	Pada pukul 18.50 WIB telah terjadi Tanggul Penahan Tanah  Ambrol.
•	Kemudian warga yang terdampak mengunggah media sosial.
•	Pukul Senin, 05 Januari 2026 Pukul 10.00 WIB Pusdalops BPBD NGANJUK memberangkatkan 1 team bersama Bapak KABID KL, Bapak KALAKSA BPBD NGANJUK, Ibu KADIS DISPERINDAG dan PUPR untuk assesment tanggul penahan tanah yang ambrol..",,,,Pemilik rumah. 1. Anita Setyowati 35 Tahun. 2. Revina Devianti Tenteh 23 Tahun.,,,,Pasar / Gedung Umum,1.	Pondasi bangunan pasar ambrol. 2.	Material menutup saluran irigasi.  •	Dimensi Pondasi TPT Pasar Sawahan : •	Panjang 10 Meter. •	Lebar 3 Meter. •	Tinggi 4 Meter.,50.0,,DALAM KOORDINASI LINTAS SEKTOR,Perbaikan Tanggul Penahan Tanah.,"Asessment ke lokasi.
•	Koordinasi dengan Pihak Terkait.
•	Pemasangan Police Line.
•	Penutupan Area Dengan Terpal.
•	Pemasangan Pipa Untuk Jalur Air Sementara..",,"Berdasarkan data lapangan, kondisi TPT Pondasi Pasar Sawahan saat ini masuk kategori darurat dan butuh penanganan segera (prioritas) karena dua alasan utama:
•	Fasilitas Umum: Lokasi berada di area pasar yang merupakan pusat ekonomi masyarakat.
•	Risiko Nyawa & Harta: Terdapat pemukiman warga tepat di bawah titik longsoran.
•	Mengingat wilayah Nganjuk masih dalam periode Siaga Bencana Hidrometeorologi, cuaca ekstrem sewaktu-waktu dapat memperluas area longsoran. Oleh karena itu, diperlukan koordinasi lintas sektor (PUPR & Disperindag) untuk melakukan rekonstruksi permanen pada tanggul tersebut sebelum terjadi longsor susulan yang lebih besar","BPBD Nganjuk
•	AGISENA BPBD JATIM
•	DISERINDAG
•	KORAMIL SAWAHAN
•	PUPR KAB. NGANJUK
•	PEMERINTAH KECAMATAN SAWAHAN
•	PEMERINTAH DESA SAWAHAN
•	MASYARAKAT SEKITAR",https://drive.google.com/open?id=1vdcS3tts-p9ocM1bQ5Xn_u_VNfK9_67L,"Sampai laporan ini dikirim kondisi diwilayah Kabupaten Nganjuk terpantau aman, lancar dan terkendali.  •	Cuaca di lokasi kejadian saat ini terpantau Berawan.",-7.727758,111.771891,ok_decimal_sign_corrected,2026-01-03 15:30:00,2026-01-04 15:30:00,24.0,0.0,0.0,,2026,1,January,1,1,False
2026-01-13 11:59:27.715,104.2,,"1.	Lucky Yudha .I., S.Kom  2.	Imam Masduki 3.	Dawam Aries R (Agisena BPBD Prov. Jatim)",1,2026-01-04,09:00:00,PERANGKAT DESA,"7.666722,111.961387",Dusun Kedungombo 1 RT 03 RW 02,Kedungombo,TANJUNGANOM,ANGIN KENCANG,2026-01-03,15:00:00,Kondisi rumah sudah lapuk. •	Hujan Intesitas Tinggi.,"Sabtu, 03 Januari 2026 pukul 19.00 WIB hujan intensitas tinggi di wilayah Kec. Tanjunganom. Pada pukul 22.00 WIB terjadi rumah roboh di Desa Kedungombo, Kec. Tanjunganom.
•	Hari Minggu, 04 Januari 2026 pukul 08.49 WIB Pusdalops-PB BPBD Kab. Nganjuk menerima laporan masuk perihal adanya Rumah Roboh.
•	1 Team Pusdalops-PB BPBD Kab. Nganjuk merespon dan pada pukul 09.14 WIB berangkat ke lokasi untuk melakukan Assesment rumah roboh.
•	Penyebab rumah roboh karena kondisi bangunan sudah lapuk dan dipicu hujan intesitas tinggi.",,,,"1 rumah rusak pada bagian atap, dan tidak bisa dihuni. •	5 Jiwa penghuni rumah, sementara mengungsi di rumah tetangga",,1 UNIT,,,,,,PEMULIHAN,LOGISTIK DAN TENDA GULUNG,"Pukul 09.49 WIB, 1 Tim dari BPBD Kab. Nganjuk tiba di Lokasi.
•	Melakukan Assesment dan Koordinasi dengan pihak terkait.
•	Pemberian Bantuan Logistik kepada Korban.",NIHIL,"Kerja Bhakti.
•	Koordinasi dengan Pihak Terkait.","BPBD Nganjuk
•	Agisena BPBD Prov. JATIM
•	Pemerintah Desa Kedungombo
•	Masyarakat",https://drive.google.com/open?id=1iJgM2RWahL-wEgGpCqh9Om9SxkKNgHiq,"Sampai laporan ini dikirim kondisi diwilayah Kabupaten Nganjuk terpantau aman, lancar dan terkendali.  •	Cuaca di lokasi kejadian saat ini terpantau Berawan",-7.666722,111.961387,ok_decimal_sign_corrected,2026-01-03 15:00:00,2026-01-04 09:00:00,18.0,0.0,1.0,1.0,2026,1,January,1,1,False
2026-01-14 11:13:54.540,104.2,,"1.	Erwin Baharudinsyah, S.Pd. 2.	Lucky Yudha .I., S.Kom 3.	Imam Masduki 4.	Dawam Aries R (Agisena BPBD Prov. Jatim)",1,2026-01-04,15:29:00,TELEPON,"7.5994922, 111.9071671",Jl. Panglima Sudirman 49 - 111,Mangundikaran,NGANJUK,ANGIN KENCANG,2026-01-04,15:00:00,Kondisi pohon sudah lapuk. •	Hujan intesitas tinggi disertai angin.,"Minggu, 04 Januari 2026 pukul 15.00 wib hujan dengan intensitas tinggi di sertai angin di sekitaran Kecamatan Nganjuk.
•	Pukul 15.29 WIB Pusdalops-PB BPBD Kab. Nganjuk menerima laporan masuk perihal adanya pohon tumbang di beberapa titik di Kecamatan Nganjuk.
•	Pusdalops-PB BPBD Kab. Nganjuk merespon dan memberangkatkan 1 team pada pukul 15.50 WIB berangkat ke lokasi untuk melakukan penanganan pohon tumbang.",,,,,,,,Menutup sebagian akses jalan.,,,,SELESAI DITANGANI,,"Pukul 15.54 WIB, Tim dari BPBD Kab. Nganjuk tiba di Lokasi.
•	Melakukan Assesment.
•	Evakuasi Pohon Tumbang.",,,"BPBD Nganjuk
•	Agisena BPBD Prov. JATIM
•	Satlantas Polres Nganjuk
•	Masyarakat",https://drive.google.com/open?id=1o7NeMgasBIKuqhTKAWWev6mEMmyxs5Nw,"Pukul 16.00 WIB penangan pohon tumbang telah selesai, dan arus lalu lintas kembali normal. •	Sampai laporan ini dikirim kondisi diwilayah Kabupaten Nganjuk terpantau aman, lancar dan terkendali.  •	Cuaca di lokasi kejadian saat ini terpantau Berawan.",-7.5994922,111.9071671,ok_decimal_sign_corrected,2026-01-04 15:00:00,2026-01-04 15:29:00,0.48333333333333334,0.0,0.0,0.0,2026,1,January,1,1,True
2026-01-21 15:03:24.377,104.2,,"DIDIK SANTOSO, S.E.,M.M",198909262025211055,2026-01-04,15:29:00,WhatsApp,"7.604000, 111.906175",Jl. Merdeka 51 – 75,Ganungkidul,NGANJUK,ANGIN KENCANG,2026-01-04,15:29:00,Hujan dengan intensitas tinggi di sertai angin,"Minggu, 04 Januari 2026 pukul 15.00 wib hujan dengan intensitas tinggi di sertai angin di sekitaran Kecamatan Nganjuk.
•	Pukul 15.29 WIB Pusdalops-PB BPBD Kab. Nganjuk menerima laporan masuk perihal adanya pohon tumbang di beberapa titik di Kecamatan Nganjuk.
•	Pusdalops-PB BPBD Kab. Nganjuk merespon dan memberangkatkan 1 team pada pukul 15.50 WIB berangkat ke lokasi untuk melakukan penanganan pohon tumbang.",,,,,,,,NIHIL,5 unit motor yang sedang parkir,,,SELESAI DITANGANI,,"Pukul 15.54 WIB, Tim dari BPBD Kab. Nganjuk tiba di Lokasi.
•	Melakukan Assesment.
•	Evakuasi Pohon Tumbang.",,,BPBD Nganjuk,"https://drive.google.com/open?id=1L4rXUNjajI_fyLH6w5GT8b5s2U-13HM8, https://drive.google.com/open?id=1A_bod_oyDi3pByD2RxR8u1E4EkR9VR3p","Pukul 16.15 WIB penangan pohon tumbang telah selesai, dan arus lalu lintas kembali normal.
•	Sampai laporan ini dikirim kondisi diwilayah Kabupaten Nganjuk terpantau aman, lancar dan terkendali. 
•	Cuaca di lokasi kejadian saat ini terpantau Berawan",-7.604,111.906175,ok_decimal_sign_corrected,2026-01-04 15:29:00,2026-01-04 15:29:00,0.0,0.0,0.0,0.0,2026,1,January,1,1,True
2026-01-27 09:52:27.864,90.01,,1.	Suprapto 2.	Imanuel Krestriyanto 3.	Eko Sudarsono 4.	Afrinaldi Ahmat,198312162025211012,2026-01-05,06:20:00,Inafis Polres Nganjuk,"7°35'49.7""S,112°1'36.8""E",Saluran Irigasi Pulorejo,Kedungrejo,TANJUNGANOM,BKO EVAKUASI JENAZAH,2026-01-05,06:00:00,NIHIL,"Pada Informasi masuk pukul 06.20 WIB dari inafis Polres Nganjuk, permintaan bantuan evakuasi Jenazah di Saluran irigasi Desa Kedungrejo
•	Dikarenakan posisi/kondisi tersangkut tepat di depan pintu dam saluran irigasi, team BPBD dengan APD Lengkap mengevakuasi Jenazah tersebut.","1 Orang Korban Jiwa
•	Indentitas Korban Tidak diketahuai (Mr X)",,,,,,,NIHIL,,,,SELESAI DITANGANI,,"Assesment ke lokasi
•	Koordinasi dengan Pihak Terkait
•	Penanganan Evakuasi",,,"BPBD NGANJUK
•	AGISENA BPBD JATIM
•	INAFIS POLRES NGANJUK. 
•	POLSEK WARUJAYENG
•	BABINSA KEDUNGREJO
•	PERANGKAT DESA KEDUNGREJO
•	MASYARAKAT.",https://drive.google.com/open?id=1uh3k7BWOEKxiV-dMpGqTO50rb3T1IwNh,"Pukul 07.10 WIB Jenazah selesai dievakuasi dan selanjutnya korban dibawa ke RS Bhayangkara Nganjuk untuk proses selanjutnya.
•	Cuaca di wilayah terdampak saat ini terpantau Berawan",-7.597138888888889,112.02688888888889,ok_dms,2026-01-05 06:00:00,2026-01-05 06:20:00,0.3333333333333333,1.0,0.0,0.0,2026,1,January,1,1,True
2026-01-27 09:58:13.618,90.02,,"1.	Bagas Pradiska Gunadharma 2.	Yitno 3.	Lucky Yudha .I., S.Kom 4.	Imam Masduki",199712172025211047,2026-01-22,14:09:00,POLRES NGANJUK,"7.570798,111.853767",Jalan Raya Surabaya - Madiun,Paron,BAGOR,EVAKUASI POHON TUMBANG,2026-01-22,14:00:00,Akar Pohon Sudah Lapuk,"Hari Kamis, 22 Januari 2026 pukul 14.00 WIB telah terjadi pohon tumbang di Ds. Paron, Kec. Bagor.
•	Pukul 14.09 WIB masuk Laporan dari Polres Nganjuk perihal adanya Pohon Jati yang tumbang menutup sebagian jalan raya.
•	1 Team BPBD Kab. Nganjuk merespon dan pada pukul 14.25 WIB berangkat ke lokasi untuk melakukan evakuasi pohon tumbang.
•	Penyebab pohon tumbang karena akar pohon sudah lapuk.
•	Pohon Jati dengan diameter pohon ± 50 cm.",,,,,,,,Pohon Tumbang Menutup Sebagian Jalan Raya.,,,,SELESAI DITANGANI,,"Pukul 14.34 WIB, 1 Tim dari BPBD Kab. Nganjuk tiba di Lokasi
•	Melakukan Assesment & Koordinasi dengan Pihak Terkait
•	Penanganan Evakuasi Pohon Tumbang",,,"BPBD NGANJUK
•	POLRES NGANJUK. 
•	PERHUTANI
•	DAMKAR NGANJUK
•	MASYARAKAT.",https://drive.google.com/open?id=18hKbEaQy5n3TIhnt2llkNYnERlCn8mP0,"Pukul 14.40 WIB selesai evakuasi pohon dan arus lalu lintas kembali normal.
•	Cuaca di wilayah terdampak saat ini terpantau Berawan",-7.570798,111.853767,ok_decimal_sign_corrected,2026-01-22 14:00:00,2026-01-22 14:09:00,0.15,0.0,0.0,0.0,2026,1,January,1,1,True
2026-02-23 11:12:39.293,104.2,,"1.	Didik Santoso, S.E,.M.M 2.	Bagas Pradiska Gunadarma 3.	Lucky Yudha .I., S.Kom 4.	Afrinaldi Ahmat (BPBD Prov. Jatim)",01,2026-02-04,15:46:00,masyarakat,"7.6481395,111.88979",Jalan Raya Berbek-Loceret,TekenGlagahan,BERBEK,ANGIN KENCANG,2026-02-04,15:35:00,Hujan deras disertai angin.,"Sekitar Pukul 15.29 WIB, telah terjadi hujan disertai angin kencang di wilayah Kecamatan Loceret.
•	Sekitar pukul 15.35 wib terjadi dahan pohon tepi jalan tumbang yang menutup sebagian Jalan Raya Berbek-Loceret di Desa TekenGlagahan, Kecamatan Loceret.
•	Pukul 15.46 WIB masuk Laporan dari Masyarakat perihal adanya Pohon Terbesi yang tumbang menutup sebagian Jalan Raya Berbek-Loceret .
•	1 Team BPBD Kab. Nganjuk merespon dan pada pukul 15.54 WIB berangkat ke lokasi untuk melakukan evakuasi pohon tumbang.
•	Pohon tersebut tumbang dikarenakan  hujan deras disertai angin.
•	Jenis Pohon Trembesi diameter ±20cm..",,,,,,,,JALAN / JEMBATAN,,,Pohon tumbang menutup Jalan Raya Jalan Raya Berbek Loceret.,SELESAI DITANGANI,,"Pukul 16.05  WIB, 1 Tim dari BPBD Kab. Nganjuk tiba di Lokasi.
•	Melakukan Assesment dan Koordinasi dengan pihak terkait.
•	Melakukan evakuasi Pohon Tumbang.",nihil,nihil,"BPBD Nganjuk
•	BPBD Prov. Jatim
•	Koramil Loceret",,"Pukul 16.13 WIB selesai evakuasi pohon dan arus lalu lintas kembali normal. 
•	Cuaca di wilayah terdampak saat ini terpantau Berawan",-7.6481395,111.88979,ok_decimal_sign_corrected,2026-02-04 15:35:00,2026-02-04 15:46:00,0.18333333333333332,0.0,0.0,0.0,2026,2,February,1,1,True
2026-02-23 11:19:44.658,107.1,,"1.	Sutomo, S.Sos, M.M 2.	Giat Suprayogi, S.H 3.	Fajar Adhi Saputra, S.H 4.	Hermanto, S.E 5.	Sutaji 6.	Oktadian Henri Prasetiyawan 7.	Afrinaldi Ahmat (BPBD Jatim)",199210232025211012,2026-02-06,06:30:00,camat Sawahan,"7.73998,111.78782",GlagahOmbo,Margopatut,SAWAHAN,GEMPA BUMI,2026-02-06,01:06:00,"Kondisi Rumah sudah Tua(Lapuk) •	Gempa Mag:6.4, 06-Feb-26 01:06:10 WIB, Lok:8.99 LS,111.18 BT (90 km Tenggara PACITAN-JATIM), Kedalaman:10 Km ::BMKG","Bahwa pada Hari Jum’at Tanggal 06 Februari 2026 kurang lebih Pukul 01.06 WIB, terjadi Gempa Bumi yang berpusat di 90 KM Tenggara Pacitan Jawa Timur mengakibatkan retaknya dinding rumah Bapak ACHMAD  ZAINI Warga Dsn Glagahombo , Desa Margoaptut Kec. Sawahan.",,,,"ACHMAD  ZAINI Warga Dsn Glagahombo , Desa Margoaptut Kec. Sawahan.",,,"1 ORANG A.N. ACHMAD  ZAINI Warga Dsn Glagahombo , Desa Margoaptut Kec. Sawahan.",NIHIL,,15000000.0,,SELESAI DITANGANI,,"Assesment dan koordinasi dengan Pihak Terkait.
•	Distribusi Bantuan Logistik",,Koordinasi antar Dinas terkait,"BPBD Nganjuk
•	BPBD JATIM
•	CAMAT Sawahan
•	TNI
•	POLISI
•	TAGANA Kabupaten Nganjuk
•	Perangkat Desa Margopatut
•	Masyarakat",,"Kondisi Bangunan Masih bisa dihuni
•	Cuaca di wilayah terdampak saat ini terpantau Cerah Berawan",-7.73998,111.78782,ok_decimal_sign_corrected,2026-02-06 01:06:00,2026-02-06 06:30:00,5.4,0.0,1.0,,2026,2,February,1,1,True
2026-02-23 11:30:35.585,107.1,,1.	Eko Sudarsono 2.	Mohammad Syahrul Febri Nurdiansyah 3.	Imanuel Krestriyanto 4.	Afrinaldi Ahmat (BPBD JATIM),199210232025211012,2026-02-06,18:06:00,Perangkat Kelurahan Payaman,"7,6079000, 111,9023613",Jl.Monginsidi  RT 02 RW 05,Payaman,NGANJUK,GEMPA BUMI,2026-02-06,01:06:00,"Kondisi Rumah sudah Tua(Lapuk) •	Gempa Mag:6.4, 06-Feb-26 01:06:10 WIB, Lok:8.99 LS,111.18 BT (90 km Tenggara PACITAN-JATIM), Kedlmn:10 Km ::BMKG","Bahwa pada Hari Jum’at Tanggal 06 Februari 2026 kurang lebih Pukul 01.06 WIB, terjadi Gempa Bumi yang berpusat di 90 KM Tenggara Pacitan Jawa Timur berdapampak pada roboh nya atap halaman depan warga, Dikarenakan kondisi  bangunan kondisi lapuk, tidak kuat menahan gempa sehingga terasnya rusak sebagian.",,,,,,,1 rumah A.n. Lisnarti,NIHIL,,15000000.0,"1 (satu) Bangunan Roboh bagian atap teras samping rumah kosong 
•	Teras Rumah Rusak Ringan
•	Panjang 6 Meter
•	Lebar 1,5 Meter
•	Tinggi 2,5 Meter",SELESAI DITANGANI,,Asesment dan koordinasi dengan Pihak Terkait.,,Melaporkan kepada Pimpinan,"BPBD Nganjuk
•	BPBD JATIM
•	Perangkat Kelurahan Payaman",,Kondisi Setelah dilakukan assesment lapangan rumah A.n bu Lisnarti tersebut sudah tidak dihuni sejak tahun lalu untuk kerusakan teras depan rumah selain dampak gempa rumah tersebut sudah dalam keadaan lapuk,-7.6079,111.9023613,ok_decimal_sign_corrected,2026-02-06 01:06:00,2026-02-06 18:06:00,17.0,0.0,1.0,0.0,2026,2,February,1,1,True
2026-02-23 11:41:49.918,90.01,,1.	Elga Cecep Sumarno. 2.	Bagas Pradiska Gunadarma  3.	Lucky Yudha I,199210232025211012,2026-02-10,07:30:00,Inafis polres Nganjuk,"7°29’11,73588”S 111°52’7,026”E",Genangan Barat Bendungan semantok,Sambikerep,REJOSO,BKO EVAKUASI JENAZAH,2026-02-10,07:00:00,Mencari Ikan ( Mancing Ngobok),"Pada Hari Selasa Tanggal 10 Pebruari 2026, sekitar pukul 08.02 WIB, Pusdalops BPBD Kabupaten Nganjuk menerima laporan dari Warga  terkait adanya penemuan jenazah di area Bendungan Semantok  Desa Sambikerep Kecamatan Rejoso. Berdasarkan Koordinasi Warga Kemudian Melakukan Evakuasi mandiri.","1 Orang •	
Nama 	: Doni Trisetyawan 20thn 
Alamat	: Dusun Gaeng Desa Ngudikan Kecamatan Wilangan
Saksi	: Bagus Ovi Prasetyo
Alamat 	: Dusun Gaeng Desa Ngudikan Kecamatan Wilangan",,,,,,,NIHIL,,,,SELESAI DITANGANI,,"Assesment ke lokasi
•	Koordinasi dengan Pihak Terkait
•	Penanganan Evakuasi",,,"BPBD 
•	Inafis Polres 
•	Koramil Rejoso 
•	Polsek Rejoso 
•	Puskesmas Rejoso 
•	Tagana DINSOS 
•	BP 1318 Nganjuk 
•	BBWS Pengelola Bendungan Semantok 
•	Perangkat Desa Ngudikan.
•	Perangkat Desa Sambikerep 
•	Ambulance NU 
•	Warga Masyarakat",,"Pukul 08.50 WIB Jenazah selesai dievakuasi dan selanjutnya korban dibawa ke Rumah duka Dusun Gaeng Desa Ngudikan Kecamatan Wilangan
•	Cuaca di wilayah terdampak saat ini terpantau Cerah",-7.4865933,111.86861833333333,ok_dms,2026-02-10 07:00:00,2026-02-10 07:30:00,0.5,1.0,0.0,0.0,2026,2,February,1,1,True
2026-02-23 11:50:30.578,104.2,,1.	Eko Sudarsono 2.	Mohammad Syahrul Febri Nurdiansyah 3.	Suprapto 4.	Dhimas Hadi Santoso,199210232025211012,2026-02-12,18:46:00,MEDIA SOSIAL,"7.606799,111.893020",Kartoharjo,Kartoharjo,NGANJUK,ANGIN KENCANG,2026-02-12,18:46:00,Hujan Deras disertai Angin,"Sekitar Pukul 17.30 WIB, telah terjadi hujan disertai angin di wilayah Kelurahan Kartoharjo , Kecamatan Nganjuk
•	Pukul 18.46 WIB masuk Laporan dari Dinas Lingkungan Hidup permohonan bantuan perihal adanya Pohon Mindi yang tumbang menutup Halaman rumah.
•	1 Team BPBD Kab. Nganjuk merespon dan pada pukul 19.05 WIB berangkat ke lokasi untuk melakukan evakuasi pohon tumbang. Jenis Pohon Mindi diameter dahan ±30cm.",,,,,,,,NIHIL,,,Dahan Pohon patah menutup Halaman rumah.,Dalam Koordinasi,,"Pukul 19.10  WIB, 1 Tim dari BPBD Kab. Nganjuk tiba di Lokasi.
•	Melakukan Assesment dan Koordinasi dengan pihak terkait..",,Koordinasi Dengan Dinas Lingkungan Hidup,"BPBD Nganjuk
•	Masyarakat",,"Dikarenakan Kondisi Dahan Pohon yang patah berada di posisi ketinggian ±3 meter dan peralatan yang kurang maka untuk evakuasi Dahan Pohon di koordinasikan dengan Dinas Lingkungan Hidup Kabupaten Nganjuk 
•	Cuaca di wilayah terdampak saat ini terpantau Hujan Ringan",-7.606799,111.89302,ok_decimal_sign_corrected,2026-02-12 18:46:00,2026-02-12 18:46:00,0.0,0.0,0.0,0.0,2026,2,February,1,1,False
2026-02-23 11:56:14.389,101.6,,"1.	Didik Santoso, S.E,.M.M 2.	Bagas Pradiska Gunadarma 3.	Imam Masduki 4.	Afrinaldi Ahmat (BPBD Prov. Jatim)",,2026-02-12,19:05:00,Media Sosial,"7°31'51.1""S,111°58'15.9""E",Balonggebang,Balonggebang,GONDANG,BANJIR GENANGAN,2026-02-12,19:00:00,"Hujan Intesitas Tinggi di wilayah hutan Kecamatan Gondang, khususnya Desa Balonggebang. •	Aliran  drainase  PT. Sukses Abadi Indonesia lebih tinggi menuju Anak Sungai Widas (Kamandowo) •	Aliran drainase (Gempol Pecut) PT. Katsura yang mengarah ke jembatan terhalang tutup U-Ditch Beton, sehingga air tidak bisa langsung melewati jembatan. •	Aliran drainase utara Jalan Raya Gondang- Lengkong di wilayah pemukiman tidak terawat dan tertutup bangunan masyarakat.","Pukul 16.23 WIB Hujan intensitas tinggi diwilayah hutan kecamatan gondang, khususnya desa Balonggebang.
•	Pukul 19.00 WIB terjadi banjir dikarenakan kondisi wilayah merupakan pinggir persawahan hutan, dan drainase yang kurang memadai di Dsn./Desa Balonggebang. 
•	Sehingga air banjir menggenangi pemukiman dan SDN 1 Balonggebang.",,,,,,,,SEKOLAH,Menggenangi halaman TMA 40 cm dan ruang TMA di dalam Kelas SD ± 15 cm kelas SDN 1 Balonggebang,,"Menggenangi pemukiman Dkh. Dsn/Ds. Balonggebang, Kec. Gondang
- TMA di jalan Raya ±30cm
- TMA di jalan desa  30cm- 50cm
- RW 01 dan 02 
- ± 500 KK",SELESAI DITANGANI,,"Pukul 19.10  WIB, 1 Tim dari BPBD Kab. Nganjuk tiba di Lokasi.
•	Melakukan Assesment dan Koordinasi dengan pihak terkait.","Aliran Drainase dari PT. Katsura butuh di Normalisasi agar air bisa langsung ke selatan jalan, karena drainase sisi timur terhambat bangunan gorong-gorong (tutup U-Ditch Beton) 
•	Saluran Drainase di wilayah pemukiman Dsn. Balonggebang, Desa Balonggebang","Koordinasi dengan pihak terkait
•	Pembersihan lumpur di SDN 1 Balonggebang
•	Normalisasi aliran drainase","BPBD Nganjuk
•	Agisena BPBD JATIM
•	Babinsa Balonggebang
•	URC BBWS Brantas
•	Perangkat Desa Balonggebang
•	Masyarakat",,"Cuaca di wilayah kejadian saat ini terpantau Hujan Intensitas Rendah
•	Tren Banjir surut landai",-7.530861111111111,111.97108333333334,ok_dms,2026-02-12 19:00:00,2026-02-12 19:05:00,0.08333333333333333,0.0,0.0,0.0,2026,2,February,1,1,True
2026-02-23 12:13:26.465,90.03,388/063.90.03/411.406/2026,"1.	Avid Rahantoro, S.ST 2.	Rifqi Zuhdi Azhari 3.	Jarwanto 4.	Septian Danang 5.	Afrinaldi Ahmat",199210232020211012,2026-02-13,09:00:00,PERANGKAT DESA,"7.57485,111.90520",JEMBATAN KEDUNGDOWO,KEDUNGDOWO,NGANJUK,JEMBATAN AMBLES,2026-02-12,17:00:00,Bahu jalan/Tanggul Sungai Widas sudah terdeteksi keretakannya sebelum jembatan ambrol 30 Nopember 2025 •	Drainase di lokasi kurang memadai •	Hujan intesitas sedang,"Pada Pada saat asessment jembatan kedungdowo yang ambrol, pada tanggal 01 Desember 2025, bahu jalan/tanggul sungai yang berada di baratnya jembatan sudah terdekteksi ada retakan. 
•	Sejak saat itu, bahu jalan/tanggul sungai ada pergerakan. 
•	Beberapa minggu terakhir, seiiring meningkatnya konsentrasi hujan di wilayah Desa Kedungdowo, dan Drainase yang kurang memadai, air hujan mengalir masuk kedalam retakan. 
•	Pada Hari Kamis 12 Februari 2026, sekitar pukul 17.00 WIB, terjadi hujan intensitas sedang sehingga bahu jalan/tanggul sungai ambrol dengan signifikan mendekati jalan.",,,,,,,,JALAN / JEMBATAN,"Material : Dimensi bahu jalan/tanggul sungai Ambrol dengan Rincian sbb ;
	Panjang ± 25 Meter
	Lebar ± 12 meter
	Tinggi ± 4 meter",,"Akses lalulintas masyarakat RW 04 RT 01 dan 02 Desa Kedundowo Kecamatan Nganjuk terganggu
•	Jalan hanya bisa di lewati sepeda motor(R2)",TANGGAP DARURAT,,"Assesment ke lokasi
•	Koordinasi dengan Pihak Terkait
•	Pemasangan rambu dan safety line",,Dalam Proses Koordinasi dengan OPD Terkait,"BPBD Nganjuk
•	Agisena BPBD Jatim
•	Dinas PU Kab. Nganjuk
•	Perangkat Desa Kedungdowo
•	Masyarakat.",,"Akses masyarakat dilokasi dibatasi demi meminimalisir resiko lainnya. 
•	Akses lalulintas masih terkendali, karena jalan yang terdampak merupakan jalur alternatif
•	Cuaca di Wilayah kejadian saat ini terpantau Berawan",-7.57485,111.9052,ok_decimal_sign_corrected,2026-02-12 17:00:00,2026-02-13 09:00:00,16.0,0.0,0.0,0.0,2026,2,February,1,1,False
2026-02-23 12:28:26.385,104.2,388/046.107.1/411.406/2026,1.	Suprapto 2.	Mohammad Syahrul Febri Nurdiansyah 3.	Dhimas Hadi Santoso 4.	Afrinaldi Ahmat (AB JATIM),,2026-02-18,14:11:00,PERANGKAT DESA,"7,5784909, 111,7962846",Dusun Tampang,WILANGAN,WILANGAN,ANGIN KENCANG,2026-02-18,13:45:00,"Hujan Deras disertai Angin
•	Pangkal Pohon Lapuk","Sekitar Pukul 14.11 WIB masuk Laporan masuk terkait Pohon Tumbang menutup Akses Jalan  di Dusun Tampang Desa Wilangan Kecamatan Wilangan.
•	1 Team BPBD Kab. Nganjuk merespon dan berangkat ke lokasi untuk melakukan assesmen dan evakuasi pohon tumbang. Jenis Pohon Jaranan diameter Pangkal pohon ±60cm",,,,,,,,Menutup Akses Lalu lintas Jalan Desa,,,Menutup Akses Lalu lintas Jalan Desa,SELESAI DITANGANI,,"Pukul 14.50  WIB, 1 Tim dari BPBD Kab. Nganjuk tiba di Lokasi.
•	Melakukan Assesment",Mobilisasi Team terhambat macet dan Perlintasan Kereta,,"BPBD Nganjuk
•	Agisena BPBD JATIM
•	Masyarakat",,"Lalu lintas Jalan Desa Kembali Normal
•	Cuaca di wilayah Kejadian saat ini terpantau Berawan",-7.5784909,111.7962846,ok_decimal_sign_corrected,2026-02-18 13:45:00,2026-02-18 14:11:00,0.43333333333333335,0.0,0.0,0.0,2026,2,February,1,1,True
2026-03-11 14:14:34.234,102.2,388/076.102.2/411.406/2026,"1.	Adytia Laksamana Putra, S.Si
2.	Mohammad Syahrul Febri Nurdiansyah
3.	Eko Sudarsono
4.	Afrinaldi Ahmat (AB JATIM)",,2026-02-23,08:00:00,PERANGKAT DESA,"7°24'32.5""S,111°59'59.8""E",Dusun Dance RT 02 RW 03,Bajang,NGLUYU,LONGSOR,2026-02-19,19:15:00,"Kontruksi TPT Kurang layak
•	Terdapat aliran air di sekitar pondasi TPT
•	Hujan Intesitas Sedang","Sekitar Tahun 2011 Tembok Penahan Tanah (TPT) tersebut pernah Ambrol dan diperbaiki mandiri oleh yang pemilik rumah Bapak Sarto 62 th. 
•	Pada Hari Kamis, Tanggal 19 Februari 2026, Pukul 19.15 wib di kecamatan Ngluyu telah terjadi hujan lebat yang cukup lama disertai gluduk / petir yang mengakibatkan TPT ambrol lagi dengan dimensi sbb;
	Tinggi ±4.5 meter 
	Lebar ± 1.8 meter
	Panjang 16 Meter
	Penurunan Tanah ± 1 meter
•	Area TPT Ambrol masih belum stabil",,,,,,,,Tembok Penahan Tanah Ambrol,"TPT ambrol lagi dengan dimensi sbb;
	Tinggi ±4.5 meter 
	Lebar ± 1.8 meter
	Panjang 16 Meter
	Penurunan Tanah ± 1 meter
•	Area TPT Ambrol masih belum stabil",,Mengancam 4 bangunan rumah yang berada di selatan /depan TPT yang ambrol.,Dalam penanganan Dinas PUPR,,"Asesment dan koordinasi dengan Pihak Terkait.
•	Masyarakat menutupi TPT ambrol dengan terpal, menunggu penanganan selanjutnya",,"Koordinasi dengan Pihak Terkait
REKOMENDASI
•	Untuk TPT butuh penanganan lanjutan, demi meminimalisir dampak kerugian","BPBD Nganjuk
•	Agisena BPBD JATIM
•	Pegawai Kecamatan Ngluyu
•	PEMDES Desa Bajang
•	Masyarakat",https://drive.google.com/open?id=1gW9PoweXqbyDBdjXwIjH9akl8v_iXeDo,"Untuk TPT butuh penanganan lanjutan, demi meminimalisir dampak kerugian",-7.409027777777778,111.99994444444445,ok_dms,2026-02-19 19:15:00,2026-02-23 08:00:00,84.75,0.0,0.0,0.0,2026,2,February,1,1,False
2026-03-11 14:22:52.977,102.2,388/077.102.2/411.406/2026,"1.	Adytia Laksamana Putra, S.Si
2.	Mohammad Syahrul Febri Nurdiansyah
3.	Eko Sudarsono
4.	Afrinaldi Ahmat (AB JATIM)",,2026-02-23,08:00:00,perangkat desa,"7°24'34.1""S,112°0'4.4""E",Dusun Dance RT 02 RW 03,bajang,NGLUYU,GERAKAN TANAH,2026-02-19,19:15:00,"Dibawah Struktur jalan kurang padat
•	Terdapat rembesan air
•	Overload (jalan sering di lalui truk pengangkut hasil panen)","Sekitar Pada Hari Kamis, Tanggal 19 Februari 2026, Pukul 19.15 wib di kecamatan Ngluyu telah terjadi hujan lebat yang cukup lama 
•	Kondisi jalan yang bergelombang dan terdapat beberapa genangan di bahu jalan
•	Setelah hujan reda masyarakat mengetahui terjadi lubang bahu jalan (tanah ambles/SlinkHole) dengan dimensi sebagai berikut
	Dalam ±1.7 meter
	Diameter ±2 meter",,,,,,,,JALAN / JEMBATAN,"lubang bahu jalan (tanah ambles/SlinkHole) dengan dimensi sebagai berikut
	Dalam ±1.7 meter
	Diameter ±2 meter",,"Mengganggu lalu lintas masyarakat, Khususnya kendaraan roda 4 atau lebih",Koordinasi dengan Pihak Terkait,,"Asesment dan koordinasi dengan Pihak Terkait.
•	Lubang Bahu jalan (SlinkHole) di pasang safety line.",,Koordinasi dengan Pihak Terkait,"BPBD Nganjuk
•	Agisena BPBD JATIM
•	Pegawai Kecamatan Ngluyu
•	PEMDES Desa Bajang
•	Masyarakat",https://drive.google.com/open?id=1ILJiMARYnP6beTyY4DcLCs2Jda-IdLrZ,pemasangan rambu oleh warga,-7.409472222222223,112.00122222222222,ok_dms,2026-02-19 19:15:00,2026-02-23 08:00:00,84.75,0.0,0.0,0.0,2026,2,February,1,1,False
2026-03-11 14:30:02.909,95.0,388/081.95.0/411.406/2026,"1.	Bagas Pradiska Gunadharma
2.	Erwin Baharudinsyah, S. Pd.",,2026-03-25,03:46:00,Satlantas Polres Nganjuk,,Jl. Raya Madiun – Surabaya,Kedungrejo,BARON,"PENCARIAN, PERTOLONGAN DAN EVAKUASI",2026-02-25,03:25:00,Di duga sopir mengantuk dan menghantam kendaraan yang berada di depanya,"Pada Pukul 03.25 WIB telah terjadi Laka Lantas karena sopir di duga mengantuk dan menghantam kendaraan yang berada di depanya.
•	Pusdalops-PB BPBD Kab. Nganjuk menerima laporan dari Ambulance Relawan pada pukul 03.34 WIB dan merangkat 1 tim ke lokasi pukul 03.46 WIB untuk melakukan evakuasi",,1 Orang  luka berat supir truk,,,,,,NIHIL,,,"1 Orang terjepit di kabin truk.
•	Lalu lintas Jl. Raya Madiun – Surabaya terganggu",SELESAI DITANGANI,,"Tiba di lokasi kejadian pukul 04.01
•	Koordinasi dengan Pihak Satlantas Polres Nganjuk
•	Observasi lokasi kejadian
•	Membuka akses untuk proses evakuasi korban Terjepit.",,,"BPBD NGANJUK
•	SATLANTAS POLRES NGANJUK
•	POLSEK WARUJAYENG. 
•	MOBIL DEREK EVAKUASI
•	AMBULANCE RELAWAN
•	MASYARAKAT",https://drive.google.com/open?id=1gPayoJ4DexE0PdkqDrEZ1g7cdT2edDav,korban di rujuk menuju RSUD Nganjuk,,,missing,2026-02-25 03:25:00,2026-03-25 03:46:00,672.35,1.0,0.0,0.0,2026,2,February,1,1,True
2026-04-08 22:34:23.816,101.6,388/088.101.6/411.406/2026,"1.	Dhimas Hadi Santoso
2.	Imanuel Krestriyanto
3.	Afrinaldi Ahmat (AB JATIM)",19871211202521064,2026-03-02,17:20:00,Perangkat Desa,"7.618947,111.905741",pintu Air Dam Kramat,Tanjungrejo,LOCERET,BANJIR GENANGAN,2026-03-02,17:20:00,"peningkatan debit air sungai kuncir, aliran sungai membawa sampah bambu dan menyumbat pintu air DAM kramat. Sehingga terjadi luapan yang menggenangi jalan Desa Tanjungrejo","Sekitar pukul 14.00 wib, hujan intensitas sedang diwilayah sungai kuncir.
•	Pukul 16.00 wib, terjadi peningkatan debit air sungai kuncir.
•	Sekitar pukul 16.30 wib, aliran sungai membawa sampah bambu dan menyumbat pintu air DAM kramat, mengetahui hal tersebut pihak perangkat desa tanjungrejo meminta bantuan ke pihak terkait.
•	Karena ada sampah bambu yang menyumbat di pintu air DAM Kramat, Sehingga terjadi luapan yang menggenangi jalan Desa Tanjungrejo",,,,,,,,JALAN / JEMBATAN,,,"Banjir menggenangi jalan Desa TMA ± 40cm
•	Mengganggu Aktifitas masyakarat Desa tanjungrejo RT 01,02 dan RT 04 RW 01.",SELESAI DITANGANI,,"Asesment dan koordinasi dengan Pihak Terkait.
•	Pembersihan tumpukan bambu di pintu air DAM Kramat menggunakan alat berat ( Dinas PUPR Kab. Nganjuk).",,,"BPBD Nganjuk
•	Agisena BPBD JATIM
•	TNI/POLRI
•	Dinas PUPR Kab. Nganjuk
•	Dinas Lingkungan Hidup Kabupaten Nganjuk
•	1318 Pramuka Nganjuk
•	Perangkat Desa tanjungrejo
•	Masyarakat",https://drive.google.com/open?id=10petp9k8NsiwnSqfJM_zZKrKez9LnQpj,"Sampah Bambu masih dalam proses  pembersihan di pintu air Dam Kramat
•	Pukul 18.50 pintu dam kramat Sebagian sudah dapat dibersihkan.
•	Cuaca saat ini terpantau *Berawan*",-7.618947,111.905741,ok_decimal_sign_corrected,2026-03-02 17:20:00,2026-03-02 17:20:00,0.0,0.0,0.0,0.0,2026,3,March,1,1,True
2026-04-08 22:39:09.650,104.2,388/096.104.2/411.406/2026,"1.	Suprapto
2.	Eko Sudarsono
3.	Mohammad Syahrul Febri Nurdiansyah",198312162025211044,2026-03-04,19:26:00,Masyarakat,"7,5983725, 111,9445973",Jl. Sukomoro-Gondang,Sukomoro,SUKOMORO,ANGIN KENCANG,2026-03-04,19:26:00,Hujan disertai Angin Kencang,"Hujan yang di sertai angin membuat pohon ""Juwar"" dengan Diameter -+ 40cm Tumbang dan menghalangi jalan Sukomoro-Gondang",,,,,,,,JALAN / JEMBATAN,,,Menutup Akses lalu lintas jalan Masyarakat,SELESAI DITANGANI,,Asesment dan Evakuasi Pohon Tumbang,,,"BPBD Nganjuk
•	Dinas Pemadam Kebakaran dan Penyelamatan Kabupaten Nganjuk
•	TNI
•	Masyarakat",https://drive.google.com/open?id=1PDW9wZuhwCNwaVTROsfHu8q1C8lHfdRI,"Penangan Pohon tumbang selesai pukul 20.36 WIB
•	Cuaca saat ini terpantau Hujan Ringan",-7.5983725,111.9445973,ok_decimal_sign_corrected,2026-03-04 19:26:00,2026-03-04 19:26:00,0.0,0.0,0.0,0.0,2026,3,March,1,1,True
2026-04-08 22:43:31.200,104.2,388/098.104.2/411.406/2026,"1.	Didik Santoso, S.E,.M.M
2.	Erwin Baharudinsyah, S.Pd
3.	Yitno
4.	Imam Masduki",198909262025211055,2026-03-05,08:30:00,Call Center 112,"7.646333, 111.900103",Loceret,Loceret,LOCERET,ANGIN KENCANG,2026-03-04,17:30:00,Hujan disertai Angin Kencang,"Sekitar Pukul 17.00 WIB, telah terjadi hujan disertai angin kencang di wilayah Desa Loceret, Kecamatan Loceret.
•	Sekitar pukul 17.30 WIB terjadi pohon tepi jalan tumbang di lahan masyarakat.
•	Kamis, 05 Maret 2026. Pukul 08.30 WIB masuk Laporan dari Call Center 112 perihal adanya Pohon yang tumbang.
•	1 Team BPBD Kab. Nganjuk merespon dan pada pukul 08.41 WIB berangkat ke lokasi untuk melakukan evakuasi pohon tumbang.
•	Pohon Mahoni dengan diameter pohon ± 50 cm.",,,,,,,,Kabel Internet,,,Pohon tumbang menimpa kabel,SELESAI DITANGANI,,"Pukul 08.50 WIB tim tiba di lokasi.
•	Melakukan Assesment dan Koordinasi dengan pihak terkait.
•	Melakukan evakuasi Pohon Tumbang.",,,"BPBD Nganjuk
•	DLH Nganjuk
•	Perangkat Kecamatan Loceret",https://drive.google.com/open?id=107Ngkwd8pfstMkTpGP3GyMiCnumvaPZd,"Pukul 09.45 WIB selesai evakuasi pohon
•	Cuaca saat ini terpantau Hujan Ringan",-7.646333,111.900103,ok_decimal_sign_corrected,2026-03-04 17:30:00,2026-03-05 08:30:00,15.0,0.0,0.0,0.0,2026,3,March,1,1,True
2026-04-08 22:48:06.935,104.2,388/099.104.2/411.406/2026,"1.	Elga Cecep Sumarno
2.	Bagas Pradiska Gunadarma
3.	Lucky Yudha .I., S.Kom
4.	Dawam Aries R",199210232025211012,2026-03-05,08:11:00,Masyarakat,"7.614914,111.879436",SDN 2 Jatirejo,Jatirejo,NGANJUK,ANGIN KENCANG,2026-03-04,17:00:00,Hujan disertai Angin Kencang,"Pada Rabu, 04 Maret 2026 hujan dengan intensitas sedang disertai angin kencang.
•	Sekitar pukul 17.00 WIB terjadi pohon tepi jalan tumbang.
•	Kamis, 05 Maret 2026. Pukul 08.11 WIB masuk Laporan dari masyarakat perihal adanya Pohon yang tumbang.
•	1 Team BPBD Kab. Nganjuk merespon dan pada pukul 08.35 WIB berangkat ke lokasi untuk melakukan evakuasi pohon tumbang.
•	Pohon Ringin dengan diameter pohon ± 80 cm",,,,,,,,SEKOLAH,Pohon tumbang menimpa bangun teras SDN 02 Jatirejo.,,Pohon tumbang menimpa bangun teras SDN 02 Jatirejo.,SELESAI DITANGANI,,"Pukul 08.45 WIB tim tiba di lokasi.
•	Melakukan Assesment dan Koordinasi dengan pihak terkait.
•	Melakukan evakuasi Pohon Tumbang.",,,"1.	Elga Cecep Sumarno
2.	Bagas Pradiska Gunadarma
3.	Lucky Yudha .I., S.Kom
4.	Dawam Aries R",https://drive.google.com/open?id=1DvG-6KB2jGoJWeraBFOphcRkyP01p80T,"Pukul 11.10 WIB selesai evakuasi pohon
•	Cuaca saat ini terpantau Hujan Ringan",-7.614914,111.879436,ok_decimal_sign_corrected,2026-03-04 17:00:00,2026-03-05 08:11:00,15.183333333333334,0.0,0.0,0.0,2026,3,March,1,1,True
2026-04-08 23:14:22.453,104.2,388/092.104.2/411.406/2026,"1.	Jarwanto
2.	Rifqi Zuhdi Azhari",199606022025211059,2026-03-04,17:39:00,Masyarakat,"7.588374, 111.930649",Pehserut,Pehserut,SUKOMORO,ANGIN KENCANG,2026-03-04,17:30:00,Hujan disertai angin kencang,Hujan disertai angin kencang di Wilayah Kabuaten Nganjuk pada pukul 17.00 WIB yang menyebabkan pohon tumbang di beberapa titik,,,,,,,,JALAN / JEMBATAN,,,Menutup Akses Jalan Utama Jl Ring Road Desa Pehserut Kecamatan Sukomoro,SELESAI DITANGANI,,"Assesment ke lokasi
•	Koordinasi dengan Pihak Terkait
•	Evakuasi Pohon Tumbang",,,"BPBD Nganjuk
•	Agisena BPBD Jatim
•	Masyarakat",https://drive.google.com/open?id=1ldU2IVkoOPy-rVt9dbWAHKuNxgY3PkE4,Pada Pukul 18.10 WIB Pohon sudah berhasil di Evakuasi Akses Jalan kembali lancar serta untuk cuaca di Wilayah Kecamatan Sukomoro Terpantau Hujan dengan Itensitas ringan.,-7.588374,111.930649,ok_decimal_sign_corrected,2026-03-04 17:30:00,2026-03-04 17:39:00,0.15,0.0,0.0,0.0,2026,3,March,1,1,True
2026-04-08 23:17:58.304,104.2,388/091.104.2/411.406/2026,"1.	Feri Fauzi
2.	Eka Aditya Fawzi
3.	Dawam Aris (AB)",199605292025211050,2026-03-04,17:39:00,Masyarakat,"7.683690, 111.833588",Kepel,Kepel,NGETOS,ANGIN KENCANG,2026-03-04,17:30:00,Hujan disertai angin kencang,Hujan disertai angin kencang di Wilayah Kabuaten Nganjuk pada pukul 17.00 WIB yang menyebabkan pohon tumbang di beberapa titik,,,,,,,,JALAN / JEMBATAN,,,Menutup Akses Jalan Utama Menuju Desa Kepel Kecamatan Ngetos.,SELESAI DITANGANI,,"Assesment ke lokasi
•	Koordinasi dengan Pihak Terkait
•	Evakuasi Pohon Tumbang",,,"BPBD Nganjuk
•	Agisena BPBD Jatim
•	Masyarakat",https://drive.google.com/open?id=1PfirTUoca45DEVh4OaUQ-Z0Id_zDWbBb,Pada Pukul 18.10 WIB Pohon sudah berhasil di Evakuasi Akses Jalan kembali lancar serta untuk cuaca di Wilayah Kecamatan Ngetos Terpantau Hujan dengan Itensitas ringan.,-7.68369,111.833588,ok_decimal_sign_corrected,2026-03-04 17:30:00,2026-03-04 17:39:00,0.15,0.0,0.0,0.0,2026,3,March,1,1,True
2026-04-08 23:21:01.667,104.2,388/093.104.2/411.406/2026,"1.	Hamdan Abadi
2.	Yamto
3.	Afrinaldi Ahmad (AB)",199306232025211065,2026-03-04,17:39:00,Masyarakat,"7.629605, 111.884193",Balongrejo,Balongrejo,BERBEK,ANGIN KENCANG,2026-03-04,17:30:00,Hujan disertai angin kencang,Hujan disertai angin kencang di Wilayah Kabuaten Nganjuk pada pukul 17.00 WIB yang menyebabkan pohon tumbang di beberapa titik,,,,,,,,JALAN / JEMBATAN,,,Menutup Akses Jalan Desa,SELESAI DITANGANI,,"Assesment ke lokasi
•	Koordinasi dengan Pihak Terkait
•	Evakuasi Pohon Tumbang",,,"BPBD Nganjuk
•	Agisena BPBD Jatim
•	Masyarakat",https://drive.google.com/open?id=1QeL44Nty05YEG5iLDdoeRdQFfqZRpdKn,Pada Pukul 18.15 WIB Pohon sudah berhasil di Evakuasi Akses Jalan kembali lancar serta untuk cuaca di Wilayah Kecamatan Berbek Terpantau Hujan dengan Itensitas ringan.,-7.629605,111.884193,ok_decimal_sign_corrected,2026-03-04 17:30:00,2026-03-04 17:39:00,0.15,0.0,0.0,0.0,2026,3,March,1,1,True
2026-04-08 23:23:51.207,104.2,388/094.104.2/411.406/2026,"1.	Rifqi Zuhdi Azhari
2.	Jarwanto
3.	Suprapto",199001132025211053,2026-03-04,18:30:00,Masyarakat,"7.603061, 112.027710",Kedungrejo,Kedungrejo,TANJUNGANOM,ANGIN KENCANG,2026-03-04,17:50:00,Hujan disertai angin kencang,Hujan disertai angin kencang di Wilayah Kabuaten Nganjuk pada pukul 17.00 WIB yang menyebabkan pohon tumbang di beberapa titik,,,,,,,,JALAN / JEMBATAN,,,Menggangu Akses Jalan Raya Madiun - Surabaya,SELESAI DITANGANI,,"Assesment ke lokasi
•	Koordinasi dengan Pihak Terkait
•	Evakuasi Pohon Tumbang",,,"BPBD Nganjuk
•	Agisena BPBD Jatim
•	Masyarakat",https://drive.google.com/open?id=1YehQH_W_PpNiXWn47mxHInbe9_AnoyI7,Pada Pukul 18.45 WIB Pohon sudah berhasil di Evakuasi Akses Jalan kembali lancar serta untuk cuaca di Wilayah Kecamatan Tanjunganom Terpantau Berawan.,-7.603061,112.02771,ok_decimal_sign_corrected,2026-03-04 17:50:00,2026-03-04 18:30:00,0.6666666666666666,0.0,0.0,0.0,2026,3,March,1,1,True
2026-04-08 23:27:05.635,104.2,388/095.104.2/411.406/2026,"1.	Feri Fauzi
2.	Eka Aditya Fawzi
3.	Dawam Aris (AB)",199605292025211050,2026-03-04,18:16:00,Masyarakat,"7.660542, 111.908564",Batembat,Batembat,PACE,ANGIN KENCANG,2026-03-04,18:05:00,Hujan disertai angin kencang,Hujan disertai angin kencang di Wilayah Kabuaten Nganjuk pada pukul 17.00 WIB yang menyebabkan pohon tumbang di beberapa titik,,,,,,,,JALAN / JEMBATAN,,,Menganggu Aktivitas Masyarakat,SELESAI DITANGANI,,"Assesment ke lokasi
•	Koordinasi dengan Pihak Terkait
•	Evakuasi Pohon Tumbang",,,"BPBD Nganjuk
•	Agisena BPBD Jatim
•	Masyarakat",https://drive.google.com/open?id=1Iot9HwHG_vqUWjZrnShVOP6KJ3BAdwlH,Pada Pukul 20.09 WIB Pohon sudah berhasil di Evakuasi untuk cuaca di Wilayah Kecamatan Pace Terpantau Berawan.,-7.660542,111.908564,ok_decimal_sign_corrected,2026-03-04 18:05:00,2026-03-04 18:16:00,0.18333333333333332,0.0,0.0,0.0,2026,3,March,1,1,True
2026-04-08 22:53:29.937,104.2,388/100.104.2/411.406/2026,"1.	Didik Santoso, S.E., M.M
2.	Imam Masduki
3.	Dawam Aries R",198909262025211055,2026-03-05,13:14:00,Masyarakat,"7.724998,111.870400",Congol,Macanan,LOCERET,ANGIN KENCANG,2026-03-05,09:00:00,"Kondisi rumah sudah  lapuk termakan usia
•	Hujan disertai Angin Kencang","Pada Rabu, 04 Maret 2026 hujan dengan intensitas sedang disertai angin kencang.
•	Pada kamis,05 Maret 2026 pukul 09.00 wib telah terjadi rumah roboh di bagian dapur.
•	Kamis, 05 Maret 2026. Pukul 13.14 WIB masuk Laporan dari masyarakat perihal adanya dapur rumah yang roboh milik Bpk. Samuji (62).
•	1 Team BPBD Kab. Nganjuk merespon dan pada pukul 13.48 WIB berangkat ke lokasi untuk melakukan Assesment dan pemberian bantuan logistik kepada pemilik rumah.
•	Penyebab karena kondisi rumah sudah tua dan lapuk.
•	Dimensi dapur yang roboh P : 8m  L : 3m
•	Identitas pemilik rumah :
•	Nama : Samuji
•	Alamat : Dusun Congol Rt 02 Rw 03 Desa Macanan Kec. Loceret Kab. Nganjuk",,,,,,1 Dapur rumah samuji roboh.,,NIHIL,,,,SELESAI DITANGANI,,"Pukul 14.35 WIB tim tiba di lokasi.
•	Melakukan Assesment dan Koordinasi dengan pihak terkait.
•	Pemberian bantuan logistik kepada pemilik rumah",,,"1.	Didik Santoso, S.E., M.M
2.	Imam Masduki
3.	Dawam Aries R",https://drive.google.com/open?id=1EBi1w60dX7kHZJ1Dla1Hbs0x0mM8FYiH,"Sampai laporan ini dikirim kondisi diwilayah Kabupaten Nganjuk terpantau aman, lancar dan terkendali.
•	Cuaca saat ini terpantau Hujan Ringan.",-7.724998,111.8704,ok_decimal_sign_corrected,2026-03-05 09:00:00,2026-03-05 13:14:00,4.233333333333333,0.0,1.0,0.0,2026,3,March,1,1,True
2026-04-08 22:58:56.050,90.04,388/102.90.04/411.406/2026,"1.	Erwin Baharuddinsyah, S. Pd
2.	Imam Masduki
3.	Yitno
4.	Achmad Ilham M",198910052025211086,2026-03-06,13:06:00,Masyarakat,"7.687095, 111.804568",Tosari RT/RW 001/001,Kebonagung,SAWAHAN,Rumah Roboh ( Tanpa Cuaca Ekstrem ),2026-03-06,12:15:00,Pondasi Rumah Ambles,"Pada hari Jum'at 06 Maret 2026 Pukul 12.15 WIB telah terjadi rumah roboh di bagian dapur. Dan rumah utama yg disebabkan pondasi mengalami ambles akibat tergerus aliran sungai irigasi.
•	Jum'at, 06 Maret 2026. Pukul 13.06  WIB masuk laporan dari masyarakat perihal adanya rumah roboh milik Bpk. Komari.
•	1 Team BPBD Kab. Nganjuk merespon dan pada pukul 13.53 WIB berangkat ke lokasi untuk melakukan Assesment dan pemberian bantuan logistik kepada pemilik rumah.

•	Identitas pemilik rumah :
•	Nama : M Komari
•	Alamat : Dusun Tosari Rt 001 Rw 001 Desa Kebonagung Kec. Sawahan Kab. Nganjuk",,,,,,Sebagian rumah utama dan dapur roboh milik M Komari,,NIHIL,,,,SELESAI DITANGANI,,"Pukul 14.25 WIB tim tiba di lokasi.
•	Melakukan Assesment dan Koordinasi dengan pihak terkait.
•	Pemberian bantuan logistik kepada pemilik rumah",,Kerja bhakti oleh desa dan Masyarakat sekitar.,"BPBD Nganjuk
•	Perangkat Desa Kebonagung
•	Senopati Rescue
•	Masyarakat",https://drive.google.com/open?id=1te1VUNGfywPKqZe1tlVxHpD6heJ6mJdU,"Sampai laporan ini dikirim kondisi diwilayah Kabupaten Nganjuk terpantau aman, lancar dan terkendali.
•	Cuaca saat ini terpantau Hujan Ringan.",-7.687095,111.804568,ok_decimal_sign_corrected,2026-03-06 12:15:00,2026-03-06 13:06:00,0.85,0.0,0.0,0.0,2026,3,March,1,1,True
2026-04-08 23:02:32.904,104.2,388/103.104.2/411.406/2026,"1.	Lucky Yudha .I., S.Kom
2.	Bagas Pradiska Gunadharma
3.	Afrinaldi Ahmat (Agisena BPBD JATIM)",199401022025211064,2026-03-06,15:52:00,Masyarakat,"7.66158,111.94652",RT/RW 003/001,Gemenggeng,PACE,ANGIN KENCANG,2026-03-06,14:45:00,"Kondisi Bangunan Lapuk
•	Hujan disertai angin kencang","Sekitar 14.30 WIB, telah terjadi hujan disertai angin kencang di wilayah Desa Gemenggeng.
•	Pada Pukul 14.45 WIB, terjadi satu rumah rusak (bagian dapur roboh) di Desa Gemenggeng, Kecamatan Pace dikarenakan kondisi yang sudah lapuk dan terkena angin kencang.
•	Jum'at, 06 Maret 2026. Pukul 15.52  WIB masuk laporan dari masyarakat perihal adanya rumah roboh.
•	1 Team BPBD Kab. Nganjuk merespon dan pada pukul 16.10 WIB berangkat ke lokasi untuk melakukan Assesment
•	Identitas pemilik rumah :
•	Nama : Sdr. Arifin",,,,,,Rumah Rusak Sedang (Bagian Dapur Rumah Roboh). Milik M Arifin,,NIHIL,,,,SELESAI DITANGANI,,"Pukul 16.30 WIB tim tiba di lokasi.
•	Melakukan Assesment dan Koordinasi dengan pihak terkait.",,Kerja bhakti oleh desa dan Masyarakat sekitar.,"BPBD Nganjuk
•	Agisena BPBD JATIM
•	Babinsa 
•	Bhabinkantibmas
•	Perangkat Desa
•	Masyarakat",https://drive.google.com/open?id=1gpsqHyJQM_KFOcFbL8yWja86dXuaicNZ,"Rumah masih bisa ditempati, untuk kebutuhan mandi dll ikut tetangga.
•	Sampai laporan ini dikirim kondisi diwilayah Kabupaten Nganjuk terpantau aman, lancar dan terkendali.
•	Cuaca saat ini terpantau Hujan Ringan.",-7.66158,111.94652,ok_decimal_sign_corrected,2026-03-06 14:45:00,2026-03-06 15:52:00,1.1166666666666667,0.0,0.0,0.0,2026,3,March,1,1,True
2026-04-08 23:06:38.713,102.1,388/104.102.1/411.406/2026,"1.	Purwo Hadi Setiyo Wicaksono, S.STP
2.	Ahmad Hamdan Abadi
3.	Yamto
4.	Afrinaldi Ahmad (AB)",199009102012061001,2026-03-06,19:45:00,Masyarakat,"7.74836,111.83211",Klodan,Klodan,NGETOS,LONGSOR,2026-03-06,18:30:00,"Kontur tebing merupakan bebatuan yang labil 
•	Hujan intensitas deras","Hujan intensitas sedang terpantau sejak pukul 16.00 wib di wilayah kecamatan Ngetos, khususnya desa Klodan
•	Sekitar pukul 18.30 WIB, Terjadi 3 titik tanah longsor  di jalan jurang gathuk (jalan poros kecamatan Ngetos) 
•	Material longsor terdiri dari batu diameter ±1,3 Meter dan lumpur dijalan aspal.",,,,,,,,JALAN / JEMBATAN,,,Akses lalulintas jalan poros kecamatan Ngetos,SELESAI DITANGANI,,"Asesment dan koordinasi dengan Pihak Terkait.
•	Bersama unsur terkait sudah mengevakuasi batu, agar tidak mengganggu jalan
•	material lumpur di jalan dibersihkan semampunya 
•	Pemasangan safety line, untuk penanda sementara di titik kejadian
•	Droping logistik kebutuhan kerjabhakti",,"Hari Sabtu 07 Marer 2026 akan diadakan kerjabhakti pembersihan sisa lumpur yang tersisa. 
•	Tim BPBD memetakan wilayah tersebut menggunakan drone.","BPBD Nganjuk
•	Agisena BPBD JATIM
•	TNI
•	Polisi
•	Camat Ngetos
•	Perangkat Desa Klodan
•	Relawan Tagana Nganjuk
•	Masyarakat",https://drive.google.com/open?id=1B_YC64pkDva44XVbRLkJwT2FkDOMufIq,"Terdapat 1 titik longsor yang masih tertutup  tipis matrial lumpur , sehingga berpotensi licin dan merupakan turunan, akan dibersihkan besok. 
•	Sementara sudah ada rambu darurat penanda titik longsor. 
•	Cuaca di wilayah kejadian saat ini terpantau Berawan",-7.74836,111.83211,ok_decimal_sign_corrected,2026-03-06 18:30:00,2026-03-06 19:45:00,1.25,0.0,0.0,0.0,2026,3,March,1,1,True
2026-04-08 23:10:58.272,102.1,388/105.102.1/411.406/2026,1.	Jarwanto,199606022025211059,2026-03-06,20:42:00,Masyarakat,"7⁰44'30,882""s 111⁰46'34,65""E",Bareng,Bareng,SAWAHAN,LONGSOR,2026-03-06,18:30:00,"Kontur tebing merupakan bebatuan yang labil 
•	Hujan intensitas deras","Hujan intensitas sedang terpantau sejak pukul 16.00 wib di wilayah kecamatan Ngetos, khususnya desa Klodan
•	Sekitar pukul 18.30 WIB, Terjadi 6 titik tanah longsor  di wilayah Dukuh Patuk Golangu Ds. Bareng Kec. Sawahan Kab. Nganjuk.
•	Material longsor terdiri dari tanah dan batu.",,,,,,,,JALAN / JEMBATAN,,,"Kandang milik Bapak Sarmun
•	Jalan akses lingkungan RT 07 RW 05 
•	Akses jalan menuju Dusun Makuto",SELESAI DITANGANI,"Terpal 
•	Karung 
•	Logistik 
•	Skrop 
•	Cangkul",Asesment dan koordinasi dengan Pihak Terkait.,,Hari Sabtu 07 Marer 2026 akan diadakan kerjabhakti pembersihan,"BPBD Nganjuk
•	Perangkat Desa Bareng
•	Relawan Destana 
•	Masyarakat",https://drive.google.com/open?id=1a6a-hPbGf60Ahd3KLaJTQQNleHFrrJ6x,"Terdapat 6 titik longsor yang masih tertutup tipis matrial lumpur , sehingga berpotensi licin dan merupakan turunan, akan dibersihkan besok. 
•	Cuaca di wilayah kejadian saat ini terpantau Berawan",-7.741911666666667,111.77629166666667,ok_dms,2026-03-06 18:30:00,2026-03-06 20:42:00,2.2,0.0,0.0,0.0,2026,3,March,1,1,True
2026-04-08 23:37:16.882,102.1,388/107.102.1/411.406/2026,"1.	Suprapto
2.	Mohammad Syahrul Febri Nurdiansyah
3.	Afrinaldi Ahmat (AB JATIM)",198312162025211044,2026-03-07,12:20:00,Masyarakat,"7.74168,111.79300",Dusun Sembung RT 003 RW 028,Margopatut,SAWAHAN,LONGSOR,2026-03-06,18:30:00,Hujan Intensitas Lebat,"Pada Hari Jum’at Tanggal 06 Maret 2026 terjadi hujan lebat di Kecamatan Sawahan dan Sekitarnya.
•	Sekitar Pukul 17.30  WIB terjadi tanah longsor.
•	Longsornya sebuah tebing yang menimpa bagian belakang rumah(kamar mandi) saudara MATSUM Warga dukuh Sembung RT 003 RW 028 Desa Margopatut  Kecamatan Sawahan Kabupaten Nganjuk.
•	Tebing yang longsor merupakan bagian dari jalan Desa
•	Tebing  jalan tidak mempunyai vegetasi tumbuhan yang kuat. 
Dimensi Longsor : 
•	Tinggi 8 Meter
•	Lebar 4 Meter",,,,,,1 Ruang Kamar Mandi Bapak Matsum Rusak,,JALAN / JEMBATAN,,,"Ruang kamar mandi rusak
•	Jalan Desa terancam ambrol",SELESAI DITANGANI,,"Asesment dan koordinasi dengan Pihak Terkait.
•	Pemberian bantuan Logistik",,,"BPBD Nganjuk
•	Agisena BPBD JATIM
•	Perangkat Desa Margopatut
•	Masyarakat",https://drive.google.com/open?id=10IigJDTUsqIY2AhVJHmJck7lbSMBE7sV,Cuaca di wilayah kejadian saat ini terpantau Berawan,-7.74168,111.793,ok_decimal_sign_corrected,2026-03-06 18:30:00,2026-03-07 12:20:00,17.833333333333332,0.0,1.0,0.0,2026,3,March,1,1,True
2026-04-08 23:30:05.748,104.2,388/109.104.2/411.406/2026,"1.	Suprapto
2.	Mohammad Syahrul Febri Nurdiansyah
3.	Imanuel Krestriyanto
4.	Afrinaldi Ahmat (AB JATIM)",198312162025211044,2026-03-08,13:40:00,Masyarakat,"7.58245,112.05673",Jalan Raya Baron-Lengkong,Jekek,BARON,ANGIN KENCANG,2026-03-08,13:30:00,"Pangkal Pohon Lapuk
•	Angin Kencang","Sekitar Pukul 13.30 WIB Angin Kencang di wilayah Desa Jekek  Kecamatan Baron yang mengakibatkan  Pohon Jati Diameter ±50 cm Tumbang, menutup sebagian Jalan Raya Baron-Lengkong.",,,,,,,,JALAN / JEMBATAN,,,Mengganggu Lalu lintas Masyarakat,SELESAI DITANGANI,,Asesment dan Evakuasi Pohon tumbang,,,"BPBD Nganjuk
•	Agisena BPBD JATIM
•	Perangkat Desa Jekek
•	Masyarakat",https://drive.google.com/open?id=1F_moYNMab3P8rnTdsyC2pDc_GVpf9wCA,Cuaca di wilayah kejadian saat ini terpantau Berawan,-7.58245,112.05673,ok_decimal_sign_corrected,2026-03-08 13:30:00,2026-03-08 13:40:00,0.16666666666666666,0.0,0.0,0.0,2026,3,March,1,1,True
2026-04-08 23:33:19.965,104.2,388/110.104.2/411.406/2026,"1.	Suprapto
2.	Mohammad Syahrul Febri Nurdiansyah
3.	Imanuel Krestriyanto",198312162025211044,2026-03-08,14:40:00,Masyarakat,"7,6334464, 111,8741360",Jl. Lurah S. Karto Prawiro,Tiripan,BERBEK,ANGIN KENCANG,2026-03-08,14:30:00,"Akar Pohon Lapuk
•	Adanya aliran irigasi sawah yang membuat cengkraman akar menurun
•	Hujan disertai Angin Kencang","Sekitar Pukul 14.30 WIB hujan disertai Angin Kencang di wilayah Desa Tiripan Kecamatan Berbek yang mengakibatkan  Pohon Mindi Diameter ±30 cm Tumbang, menutup sebagian Akses Jalan..",,,,,,,,JALAN / JEMBATAN,,,Mengganggu Lalu lintas Masyarakat,SELESAI DITANGANI,,Asesment dan Evakuasi Pohon tumbang,,,"BPBD Nganjuk
•	Pegawai Kecamatan Berbek
•	Perangkat Desa Tiripan
•	Masyarakat",https://drive.google.com/open?id=1qROyZ-tIjIJo2_VKdF1GIUsqoM0qSCcE,"Cuaca di wilayah kejadian saat ini terpantau Berawan
•	Lalu lintas kembali normal",-7.6334464,111.874136,ok_decimal_sign_corrected,2026-03-08 14:30:00,2026-03-08 14:40:00,0.16666666666666666,0.0,0.0,0.0,2026,3,March,1,1,True
2026-04-08 23:41:56.236,104.2,388/119.104.2/411.406/2026,"1.	Hamdan Abadi
2.	Yamto
3.	Afrinaldi Ahmad (AB)",199306232025211065,2026-03-15,15:18:00,Masyarakat,"7.629605, 111.884193",Balongrejo,Balongrejo,BERBEK,ANGIN KENCANG,2026-03-15,15:15:00,Hujan disertai angin kencang,Hujan disertai angin kencang di Wilayah Kabuaten Nganjuk pada pukul 15.00 WIB yang menyebabkan pohon tumbang di beberapa titik,,,,,,,,JALAN / JEMBATAN,,,Menutup Akses Jalan masyarakat,SELESAI DITANGANI,,"Assesment ke lokasi
•	Koordinasi dengan Pihak Terkait
•	Evakuasi Pohon Tumbang",,,"BPBD Nganjuk
•	Agisena BPBD Jatim
•	DLH Kab. Nganjuk 
•	TNI
•	POLRI 
•	Masyarakat",https://drive.google.com/open?id=1GHYKrSBRfpZXnA_M5rMu7xjEs7pBARwh,Pada Pukul 17.30 WIB Pohon sudah berhasil di Evakuasi Akses Jalan kembali lancar serta untuk cuaca di Wilayah Kecamatan Berbek Terpantau Hujan dengan Itensitas ringan.,-7.629605,111.884193,ok_decimal_sign_corrected,2026-03-15 15:15:00,2026-03-15 15:18:00,0.05,0.0,0.0,0.0,2026,3,March,1,1,True
2026-04-08 23:46:02.178,104.2,388/129.104.2/411.406/2026,"1.	Erwin Baharudinsyah, S.Pd
2.	Yitno
3.	Imam Masduki
4.	Afrinaldi Ahmat (Agisena BPBD JATIM)",198910052025211086,2026-03-15,16:19:00,Masyarakat,"7.45472,111.96900",Tempuran,Tempuran,NGLUYU,ANGIN KENCANG,2026-03-15,14:40:00,Hujan disertai angin kencang,"Pada hari Minggu15 Maret 2026 Pukul 14.30 WIB telah Terjadi hujan lebat di sertai angin di Wilayah Kec. Ngluyu.
•	Pukul 14.40 WIB 1 Rumpun Bambu Tumbang menimpa Teras Rumah bapak Candu Yuliana Perdana.
•	Minggu15 Maret 2026. Pukul 16.21 WIB masuk Laporan dari masyarakat perihal adanya Rumpun Bambu Tumbang menimpa Teras Rumah bapak Candu Yuliana Perdana..
•	1 Team BPBD Kab. Nganjuk merespon dan pada pukul 19.55. WIB berangkat ke lokasi untuk melakukan Assesment dan pemberian bantuan logistik kepada pemilik rumah dan logistik untuk kerja bakti.
•	Identitas pemilik rumah : 
•	Nama : Candri Yuliana Pradan
•	Alamat : Dusun Tempuran Ds. Tempuran Rt/Rw:002/001 Kec. Ngluyu Kab. Nganjuk.",,,,,,,1Rumpun Bambu Menimpa Teras. Milik Candri Yuliana Pradan,NIHIL,,,,SELESAI DITANGANI,,"Pukul 20.44 WIB tim tiba di lokasi.
•	Melakukan Assesment dan Koordinasi dengan pihak terkait.
•	Pemberian bantuan logistik kepada pemilik rumah
•	Pemberian logistik untuk kerja bakti.",,Kerja bhakti oleh desa dan Masyarakat sekitar.,"BPBD Nganjuk
•	Agisena BPBD JATIM
•	Perangkat Desa Tempuran
•	Masyarakat",https://drive.google.com/open?id=1Oo4rgrK678mjom4tse-U79WrEO1QNbUo,"Sampai laporan ini dikirim kondisi diwilayah Kabupaten Nganjuk terpantau aman, lancar dan terkendali.
•	Cuaca saat ini terpantau Berawan.",-7.45472,111.969,ok_decimal_sign_corrected,2026-03-15 14:40:00,2026-03-15 16:19:00,1.65,0.0,1.0,0.0,2026,3,March,1,1,True
2026-04-08 23:50:00.087,101.6,388/131.101.6/411.406/2026,"1.	Eka Aditya F
2.	Jarwanto
3.	Rifqi Yuhdi Azhari
4.	Hamdan Abadi
5.	Yamto
6.	Dawam Aries (AB)
7.	Afrinaldi Ahmad (AB)",199508302025211043,2026-03-16,09:00:00,Masyarakat,"7.602341,111.944472",Sukomoro,Sukomoro,SUKOMORO,BANJIR GENANGAN,2026-03-15,15:18:00,"Hujan dengan intensitas tinggi di wilayah Kab. Nganjuk
•	Gorong gorong pembuangan air kecil dan tersumbat material","Pada hari Minggu, 15 Maret 2026 pukul 15.00 WIB Terpantau hujan intensitas tinggi disertai angin kencang di sekitar wilayah Kecamatan Sukomoro dan sekitarnya, yang mengakibatkan genang air di sebelah selatan pasar Sukomoro
•	Pusdalops BPBD Nganjuk menerima laporan pada tanggal 16 Maret 2026 pukul 09.00 wib dari masyarakat sekitar lokasi kejadian
•	Pusdalops memberangkatkan 1 team untuk melakukan pemantauan, assesment dan pemberian Logistik untuk personil PUPR Nganjuk yang melakukan pembuatan jalur irigasi untuk mengurangi air yang menggenang",,,,,,,,JALAN / JEMBATAN,,,"Menggenangi jalan penghubung Kec. Sukomoro dan Kec pace
•	TMA di jalan ± 30 cm
•	Tidak masuk kedalam rumah warga",SELESAI DITANGANI,,"Assesment ke lokasi dan koordinasi dengan Pihak Terkait
•	Pihak PU mengupayakan pembuatan irigasi 
•	Pemantauan",,,"BPBD Nganjuk
•	Agisena BPBD Jatim
•	Dinas PUPR (URCPJ)",https://drive.google.com/open?id=1yY8PjG9tAb7vmFFQlF330UtVwn0AUKDh,Kondisi Cuaca di sekitar lokasi kejadian terpantau Cerah Berawan.,-7.602341,111.944472,ok_decimal_sign_corrected,2026-03-15 15:18:00,2026-03-16 09:00:00,17.7,0.0,0.0,0.0,2026,3,March,1,1,True
2026-04-08 23:55:27.083,102.1,388/132.102.1/411.406/2026,"1.	Oktadian Henri Prasetiyawan
2.	Mohammad Syahrul Febri Nurdiansyah
3.	Eko Sudarsono
4.	Afrinaldi Ahmat (AB JATIM)",198310052025211059,2026-03-16,18:10:00,Masyarakat,"7,7446776, 111,8057907",Dukuh Burikan RT 001 RW 002,Kepel,NGETOS,LONGSOR,2026-03-16,18:10:00,Hujan dengan itensitas lebat,"Sekitar - Di wilayah Desa Kepel khususnya Dukuh Burikan terpantau Hujan intensitas lebat Bermula sekitar pukul 13.30 wib s.d 14.30 wib
•	dan kembali  hujan sekitar 17.50 WIB dengan itensitas lebat, 
•	Sekitar pukul 18.10 wib terjadi tanah longsor yang meninpa dinding belakang rumah Bapak Samsun
•	Longsor tersebut merusak  tembok dapur rumah dan air hujan masuk kedalam rumah.
•	Material longsor merupakan tebing dan rumpun bambu yang sudah mati.
•	Dimensi tanah longsor
	Tinggi ± 3 Meter
	Lebar ± 3.5 Meter
	Panjang ± 2 Meter",,,,,,,"Rumah Rusak Ringan Mlik Bapak Samsun
	Tembok belakang (dapur) dengan panjang 3.5m, tinggi 50cm",NIHIL,,,,SELESAI DITANGANI,Logistik Kerja Bhakti,"Personil tiba di lokasi : 22.26 WIB
•	Assesment dan koordinasi dengan perangkat Desa terkait
•	Pemberian bantuan logistik",,Kerja Bhakti akan di lakukan oleh perangkat Desa bersama warga besok Hari Selasa Tanggal 17 Maret 2026,"BPBD Nganjuk
•	Agisena BPBD JATIM
•	Pegawai Kecamatan Ngetos
•	PEMDES Desa Kepel
•	Relawan Tagana Nganjuk
•	Masyarakat",https://drive.google.com/open?id=1vS9zUJt0ll02D8V3Sr2g54jr4t4Es9F-,,-7.7446776,111.8057907,ok_decimal_sign_corrected,2026-03-16 18:10:00,2026-03-16 18:10:00,0.0,0.0,0.0,0.0,2026,3,March,1,1,True
2026-04-09 00:00:18.453,101.7,388/133.101.7/411.406/2026,"1.	Sutomo, S.Sos, M.M
2.	Purwo Hadi Setiyo Wicaksono, S.STP
3.	Suprapto
4.	Oktadian Henri Prasetiyawan
5.	Eko Sudarsono
6.	Dhimas Hadi Santoso
7.	Dawam Aries Rustanto (AB JATIM)",197408021998031005,2026-03-16,21:38:00,Masyarakat,"7.609664,111.929340",Lingkungan Kapas,Kapas,SUKOMORO,BANJIR DRAINASE/SELOKAN,2026-03-16,21:00:00,Hujan Intesitas Tinggi di wilayah Hulu sungai Kuncir Kanan.),"Sekitar Pukul 15.00 WIB Hujan intensitas tinggi diwilayah lereng gunung wilis dan di sekitar Kab. Nganjuk. 
•	Pukul 21.00 wib air sudah mulai masuk ke jalan desa dan pemukiman warga. 
•	Pusdalops BPBD Nganjuk menerima laporan pukul 21.38 wib dan langsung memberangkatkan 1 team untuk assessment.",,,,,,,,JALAN / JEMBATAN,Tanggul jebol,,"Menggenang di Lingkungan Kapas, Kelurahan Kapas, Kec. Sukomoro Kab. Nganjuk
•	TMA di jalan Raya ± 20 cm
•	TMA di Lingkungan ±50 cm (Area Cekung) RW 04 RT 1,2,3,4,5
•	Dengan jumlah KK ±300 dan setiap RT memiliki jumlah Rumah ± 30
•	Banjir memasuki  rumah TMA didalam rumah 40cm - 50cm",SELESAI DITANGANI,Dalam Proses assesment lebih Lanjut,"Asesment dan koordinasi dengan Pihak Terkait.
•	Evakuasi 3 Balita di RW 04 RT 04 ke Rumah saudara yang lebih aman",,Koordinasi dengan Pihak Terkait,"BPBD Nganjuk
•	Agisena BPBD JATIM
•	FORKOPIMDA KAB. NGANJUK
•	FORKOMPIMCAM KEC. SUKOMORO
•	PEMERINTAHAN KELURAHAN KAPAS
•	TNI DAN POLRI
•	FPBI Kab Nganjuk
•	Masyarakat",https://drive.google.com/open?id=1lehRgOWbJ1SEyF1qaN_Unsg0ZGJdZ3k0,,-7.609664,111.92934,ok_decimal_sign_corrected,2026-03-16 21:00:00,2026-03-16 21:38:00,0.6333333333333333,0.0,0.0,0.0,2026,3,March,1,1,True
2026-04-17 09:02:19.938,101.7,388/167.101.7/411.406/2026,"1.	Suprapto
2.	Mohammad Syahrul Febri Nurdiansyah
3.	Achmad Ilham Muchjafar
4.	Afrinaldi Ahmat (AB JATIM)",1,2026-04-06,08:00:00,perangkat desa,"Titik 1 : -7.74731,111.81128 Titik 2 : -7.74683,111.81180 Titik 3 : -7.74428,111.81271 Titik 4 : -7.73950,111.81128",Dlopo,Kepel,NGETOS,ANGIN KENCANG,2026-03-16,16:00:00,"Hujan intensitas Sedang - tinggi diwilayah hulu sungai.
•	Debit Sungai Mundeng terlalu Besar","SejakHujan intensitas sedang pada tanggal 16  Maret 2026 di wilayah Kecamatan Ngetos khusus nya di Desa Kepel, Kecamatan Ngetos sehingga terjadi peningkatan debit air sungai Mundeng di Desa Kepel yang mengakibatkan debit air sungai yang terlalu besar sehingga merusak aliran irigasi punjul 1 masyarakat Dusun Tawangrejo",,,,,,,,Tanggul irigasi,"Tanggul aliran irigasi dusun putus
•	Titik 1 = Panjang 6 Meter, Lebar 2 Meter, Tinggi 1 Meter
•	Titik 2 = Panjang 7 Meter, Lebar 2 Meter, Tinggi 2 Meter
•	Titik 3 = Panjang 21 Meter, Lebar 2 Meter, Tinggi 1 Meter
•	Titik 4 = Panjang 6 Meter, Lebar 2 Meter, Tinggi 2 Meter",,"Irigasi masyakat Dusun Tawangrejo terputus
•	Lahan pertanian ± 800 Penggarap Lahan terancam gagal panen",BELUM DITANGANI,"Kawat Bronjong
•	Sesek
•	Sandbag
•	Logistik Dukungan Kerjabhakti","Asesment ke Lokasi
•	Koordinasi dengan Pihak Terkait.",,Pihak Desa Akan Melakukan Kerja Bhakti bersama Masyarakat,"BPBD Nganjuk
•	Agisena BPBD JATIM
•	Pemerintah Desa Kepel
•	Masyarakat",https://drive.google.com/open?id=17IWk0HyyrLQQ3CXpxqGay45PD7tjkf6r,"Sampai laporan ini dikirim kondisi diwilayah Kabupaten Nganjuk terpantau aman, lancar dan terkendali. 
•	Cuaca di wilayah terdampak saat ini terpantau Cerah Berawan",-7.74731,111.81128,multi_point_first_used,2026-03-16 16:00:00,2026-04-06 08:00:00,496.0,0.0,0.0,0.0,2026,3,March,1,1,False
2026-04-09 00:04:33.616,95.01,388/136.95.1/411.406/2026,"1.	Didik Santoso, S.E., M.M
2.	Bagas Pradiska Gunadharma
3.	Yitno
4.	Lucky Yudha .I., S.Kom
5.	Imam Masduki
6.	Yusuf Harmanto
7.	Dawam Aries R (Agisena BPBD JATIM)",198909262025211055,2026-03-18,09:48:00,Perangkat Desa,"7.606983,111.882633",Sungai Wadekan Sekarputih,Sekarputih,BAGOR,"PENCARIAN, PERTOLONGAN DAN EVAKUASI",2026-03-18,09:00:00,Korban bersama temannya bermain di bantaran sungai dan korban terpleset,"Rabu, 18 Maret 2025 pukul 09.00 WIB telah terjadi Kejadian Membahayakan Jiwa Manusia, seorang anak terpeleset di Sungai Wadekan Sekarputih (Aliran Sungai Kuncir Kiri). Atas nama Muchammad Kenzo Ardana Cannavaro 5th . 
•	Awalnya Korban bersama temannya bermain di bantaran sungai dan korban terpleset, 
•	Temannya berusaha membantu hingga ikut terbawa arus dan Mohamad Akmal Mozaki (4th) bisa di selamat kan warga pada koordinat -7.606740,111.882754.
•	Rabu, 18 Maret 2026 pukul 09.48 WIB Pusdalops-PB BPBD Kab. Nganjuk menerima informasi dari Perangkat Desa Sekarputih terkait adanya Kejadian Membahayakan Jiwa Manusia (Laka Air) di sekitaran Sungai Cangkringan.
•	Pusdalops-PB BPBD Kab. Nganjuk merespon dan pada pukul 10.00 memberangkatkan 1 tim untuk assesment","1 MD
Nama :  Muchammad Kenzo Ardana Cannavaro
Jenis Kelamin : Laki-Laki
Usia : 5 Tahun 
Pekerjaan : Pelajar
Alamat : RT 005 RW 002. Desa Sekarputih, Kec. Bagor, Kab. Nganjuk",,,,,,,NIHIL,,,,SELESAI DITANGANI,,"Assement dan koordinasi dengan terkait
•	Pencarian Hari Ke-1, dimulai dari lokasi terpeleset.
•	Korban berhasil ditemukan dengan kondisi MD di koordinat -7.600928,111.88417, ±700m dari lokasi terpeleset. Perkiraan waktu ditemukan pukul 11.00 WIB. 
•	Korban dievakuasi ke RS Bhayangkara Nganjuk untuk mendapat penanganan lebih lanjut.",,,"1. BPBD NGANJUK. 
2. BPBD PROV. JATIM.
3. RELAWAN SENOPATI RESCUE.
4. POLRES NGANJUK
5. BAGANA
6. ORGANISASI SILAT
7. PERANGKAT DESA
8. DESTANA SEKARPUTIH
9. MASYARAKAT",https://drive.google.com/open?id=1dWJw9Px4MzXxa5NPcGLDf0BkNMLWZuNW,"Sampai laporan ini dikirim kondisi diwilayah Kabupaten Nganjuk terpantau aman, lancar dan terkendali.
•	Cuaca saat ini terpantau Berawan.",-7.606983,111.882633,ok_decimal_sign_corrected,2026-03-18 09:00:00,2026-03-18 09:48:00,0.8,1.0,0.0,0.0,2026,3,March,1,1,True
2026-04-22 11:11:53.173,90.05,388/201.90.05/411.406/2026,"1.Didik Santoso, S.E.,M.M.
2.Imam Masduki 
3.Afrinaldi Ahmat (AB JATIM)",1,2026-04-17,10:58:00,PERANGKAT DESA,"7.572360, 111.880588",RT. 03/RW 01 RT. 05/RW 02,KUTOREJO,BAGOR,LONGSOR,2026-03-19,10:00:00,"Saluran Sanitasi dan Drainase Tidak Memadai.
Peningkatan Debit Air Sungai Widas.","Pada hari Jum’at, 17 April 2026 Pukul 10.58 WIB Pusdalops PB BPBD Kab. Nganjuk menerima informasi tentang adanya tanah longsor di Desa Kutorejo, Bagor.
Pukul 13.04 WIB memberangkatkan 1 tim untuk melakukan Assesment pada area longsor.
Titik 1 dan 2 longsor merupakan area Sempadan sungai Widas, dengan kondisi tanah yang labil, sering terjadi pengikisan sepanjang sungai pada saat peningkatan debit air.
Longsoran pada Titik 1 terjadi sejak hari Kamis, 19 Maret 2026, sedangkan pada Titik 2 terjadi sejak tahun 2013.
Diperparah dengan Saluran sanitasi dan drainase tidak memadai (air meresap di sempadan sungai) sehingga terjadilah longsor di titik tersebut.
Pada titik 1 sudah dilakukan penangangan awal Pemerintah Desa bersama masyarakat telah membangun tanggul penahan tanah menggunakan patok bambu dan sandbag berisi limbah plastik, namun tetap ambrol karena sandbag tidak dapat  menahan tanah pada saat terjadi peningkatan debit sungai.",,,,,,"Rumah rusak Sedang pada bagian dapur.
Pemilik Atas nama : Sudarwoto(62th) (L)
RT 03 RW 01 Desa Kutorejo, Kecamatan Bagor",,NIHIL,,,"Dimensi Longsoran Titik 1 :
-P : 22 meter
-L : 16.5 meter
-T : 9 meter
Kondisi : Labil dan berpotensi terjadi longsor susulan
Area terdampak : Rumah  warga dan sempadan sungai

Longsoran Titik 2 :
Kondisi : Struktur tanah bekas longsoran di tahun 2013, sudah relatif stabil. Akan tetapi pondasi rumah yang sudah menggantung sejak  lama bisa terancam jika terjadi peningkatan debit air.
Area terdampak : Rumah  warga dan sempadan sungai",BELUM DITANGANI,,"1.Koordinasi dengan Pemerintah Desa dan masyarakat setempat.
2.Survey langsung ke titik lokasi longsor.
3.Pendataan kondisi kerusakan dan potensi dampak.
4.Pengukuran dimensi area terdampak.
5.Dokumentasi lapangan.",TITIK KEDUA MERUPAKAN KEJADIAN LAMPAU YANG TERJADI TAHUN 2013,"1.Pemasangan bronjong/sesek pada titik longsor untuk penanganan darurat
2.Normalisasi Saluran sanitasi dan drainase warga
3.Koordinasi dengan OPD terkait untuk tindak lanjut penanganan","BPBD Kab. Nganjuk
Agisena BPBD Prov Jatim
Pemerintah Desa Kutorejo
Masyarakat",https://drive.google.com/open?id=1Ju0bw8WDwKsoclGNYLZ_M02pQUaqSAOX,"Tanggal : 17 April 2026
Pukul : 14.15 WIB
Cuaca Cerah berawan.
Sampai laporan kondisi di lokasi terdampak  aman terkendali.",-7.57236,111.880588,ok_decimal_sign_corrected,2026-03-19 10:00:00,2026-04-17 10:58:00,696.9666666666667,0.0,0.0,0.0,2026,3,March,1,1,False
2026-04-09 00:12:47.547,90.04,388/147.90.04/411.406/2026,"1.	Sutomo, S.sos, M.M
2.	Purwo Hadi Setiyo Wicaksono, S.STP
3.	Dra. Lilik
4.	Suprapto
5.	Imanuel Krestriyanto
6.	Sutaji
7.	Dawam Aries (AB JATIM)",197408021998031005,2026-03-21,00:00:00,Masyarakat,"7.647980,111.871163",Dusun Sumberwindu RT 007 RW 004,Sumberwindu,BERBEK,Rumah Roboh (Non Bencana Alam),2026-03-21,00:00:00,Bangunan yang sudah lapuk,"Pada hari Sabtu, 21 Maret 2026 telah terjadi peristiwa robohnya sebagian bangunan rumah milik Bapak Samsudin yang disebabkan oleh kondisi bangunan yang sudah lapuk.
•	Kejadian bermula saat bagian dapur rumah tiba-tiba ambruk. Berdasarkan keterangan di lokasi, struktur bangunan terutama pada bagian rangka atap dapur sudah mengalami pelapukan cukup lama, sehingga tidak lagi mampu menopang beban. Kondisi tersebut diperparah oleh faktor usia bangunan yang sudah tua.",,,,,,Dapur milik Bapak Samsudin Roboh,,NIHIL,,,,SELESAI DITANGANI,,"Asesment dan koordinasi dengan Pihak Terkait.
•	Distribusi Bantuan Logistik",,,"BPBD Nganjuk
•	Agisena BPBD JATIM
•	Dinas Perumahan Rakyat Kawasan Permukiman dan Pertanahan Kabupaten Nganjuk
•	Perangkat Kecamatan.
•	Pemerintah Desa Sumberwindu
•	Masyarakat",https://drive.google.com/open?id=1avqHKdzKRTP-ft5boZP25PSlsiOW4z-M,Cuaca saat ini terpantau Berawan,-7.64798,111.871163,ok_decimal_sign_corrected,2026-03-21 00:00:00,2026-03-21 00:00:00,0.0,0.0,0.0,0.0,2026,3,March,1,1,True
2026-04-09 00:08:36.613,102.2,388/146.102.2/411.406/2026,"1.	Oktadian Henri Prasetiyawan
2.	Dhimas Hadi Santoso
3.	Afrinaldi Ahmat (AB JATIM)",198310052025211059,2026-03-24,13:13:00,Masyarakat,"Titik 1 -7.65654,111.94043 Titik 2 -7.65625,111.93951",Dusun Kedungbajul RT 03 RW 01,Gemenggeng,PACE,GERAKAN TANAH,2026-03-24,13:00:00,Hujan intensitas tinggi diwilayah hulu sungai.,"Sejak Tanggal 21 Maret 2026 Hujan intensitas sedang di wilayah hulu sungai Bodor(Kec. Loceret dan Ngetos), mengakibatkan peningkatan yang signifikan debit sungai  Bodor 
•	Dikarenakan tingginya debit sungai sehingga sempadan sungai bodor sisi selatan di Desa Gemenggeng terjadi  Retakan tanah, Pada titik 1 tanggal 21 Maret 2026 dan Titik 2 tanggal 24 Maret 2026
•	Sepanjang sempadan yang Retak (Gerakan Tanah) ada beberapa tanaman bambu tepi sungai
•	Tanah yang Retak (Gerakan Tanah) berada disamping tanaman bambu dan merupakan area sungai Bodor (BBWS Brantas).",,,,,,,,JALAN / JEMBATAN,"Dimensi Sempadan yang Retak (Gerakan Tanah)
Titik 1
•	Panjang ±12 Meter
•	Lebar  ± 2 Meter
•	Tinggi ± 6 Meter

Titik 2
•	Panjang ±50 Meter
•	Lebar ± 2 Meter
•	Tinggi ± 6 Meter",,"Ketika Debit meningkat, jalan desa yang berada di samping sungai tergenang dan menggerus sempadan sungai
•	Mengancam tergerus nya jalan desa.",SELESAI DITANGANI,"Sesek
•	Sandbag",Asesment dan koordinasi dengan Pihak Terkait.,,,"BPBD Nganjuk
•	Agisena BPBD JATIM
•	Anggota DPRD Nganjuk
•	Pemerintah Desa Gemenggeng
•	Masyarakat",https://drive.google.com/open?id=1kb2kJPEynuIPMQ_ookr2rkHOwlKwEkRM,Cuaca saat ini terpantau Cerah Berawan,-7.65654,111.94043,multi_point_first_used,2026-03-24 13:00:00,2026-03-24 13:13:00,0.21666666666666667,0.0,0.0,0.0,2026,3,March,1,1,True
2026-04-16 08:08:18.766,90.04,388/147.90.04/411.406/2026,"1.	Eka Aditya Fawzi
2.	Rifqi Zuhdi Azhari
3.	Jarwanto
4.	Suprapto
5.	Imanuel Krestriyanto
6.	Eko Sudarsono
7.	Dhimas Hadi Santoso
8.	Dawam Aries (AB JATIM)",199508302025211043,2026-03-28,15:00:00,Masyarakat,"titik 1 : -7,6214250,111,9514160, titik 2 : 7.618481,111.962650",,Sumengko,SUKOMORO,ANGIN KENCANG,2026-03-28,18:53:00,Hujan dengan intensitas sedang hingga tinggi dan disertai angin di Wilayah Kab. Nganjuk,"Titik Pertama
-	Pada hari Sabtu, 28 Maret 2026 pukul 15.00 WIB Terpantau hujan intensitas sedang hingga tinggi dan angin kencang di wilayah sekitar Kecamatan Sukomoro. 
-	Pusdalops BPBD Nganjuk menerima laporan pada hari Sabtu, 28 Maret 2026 pukul 18.53 Wib  mendapat laporan mengenai terjadinya pohon tumbang yang berada di wilayah Dusun Plosorejo Desa Sumengko
-	Pusdalops memberangkatkan 1 team untuk melakukan assessment dan Evakuasi pohon yang tumbang. 
-	Jenis pohon Akasia dengan diameter ± 50 cm. 

•	 Titik Kedua
-	Pukul 20.11 WIB masuk Laporan dari Masyarakat perihal adanya Pohon Sengon yang tumbang menutup akses jalan penghubung menuju Dusun Nglegok Desa Sumengko, Kec. Sukomoro
-	1 Team BPBD Kab. Nganjuk merespon dan pada pukul 20.15 WIB berangkat ke lokasi untuk melakukan evakuasi pohon tumbang.
-	Jenis Pohon Sengon diameter ±30cm",,,,,,,,"JALAN / JEMBATAN, Jaringan Listrik",,,"Menutup jalan penghubung Dusun dan jalan Desa
•	Menimpa Kabel Listrik PLN",SELESAI DITANGANI,,"Asesment dan koordinasi dengan Pihak Terkait.
•	Evakuasi Pohon Tumbang",,,"BPBD Nganjuk
•	Agisena BPBD JATIM
•	Polsek Sukomoro
•	Pemerintah Desa Sumengko
•	Masyarakat",https://drive.google.com/open?id=1RaJtDUbKe16vWeW_5VBBy1KwzMsfBpIE,Cuaca saat ini terpantau Berawan,-7.621425,111.951416,multi_point_first_used,2026-03-28 18:53:00,2026-03-28 15:00:00,-3.8833333333333333,0.0,0.0,0.0,2026,3,March,1,1,True
2026-04-16 10:53:55.204,102.1,388/163.102.1/411.406/2026,"1.	Erwin Baharudin Syah, S.Pd
2.	Yitno",1,2026-04-04,08:00:00,PERANGKAT DESA,"7,7446776, 111,8057907",RT/RW 001/024 Dusun : Jaten,Margopatut,SAWAHAN,LONGSOR,2026-04-02,01:30:00,Hujan intensitas lebat,"Rabu, 01 April 2026 di wilayah Desa Margopatut terpantau Hujan intensitas lebat sekitar pukul 16.00 sampai WIB
-	Kamis, 02 April 2026. Sekitar pukul 01.30 WIB tanggul penahan tanah (TPT) Rumah Bpk Muslimin ambrol",,,,1 tanggul penahan tanah (TPT) Rumah Bpk Muslimin ambrol,,,,NIHIL,,,"Dimensi TPT yang ambrol :
-	Tinggi ± 4 Meter
-	Lebar ± 0,5 Meter
-	Panjang ± 7 Meter",SELESAI DITANGANI,TERPAL,"Personil tiba di lokasi : 09.10 WIB
•	Assement dan koordinasi dengan terkait
•	Pemberian bantuan logistik.",,Perangkat Desa dan Warga akan Kerjabhakti,"1. BPBD NGANJUK. 
2. PERANGKAT DESA
3. MASYARAKAT",https://drive.google.com/open?id=1uqAR34uiB9QLu3Lrxmt6Rx0sKuSPS_Jk,"Sampai laporan ini dikirim kondisi diwilayah Kabupaten Nganjuk terpantau aman, lancar dan terkendali.
•	Cuaca saat ini terpantau Berawan.
•	Penghuni rumah masih bisa menempati rumah tersebut",-7.7446776,111.8057907,ok_decimal_sign_corrected,2026-04-02 01:30:00,2026-04-04 08:00:00,54.5,0.0,0.0,1.0,2026,4,April,2,1,True
2026-04-16 11:03:00.832,102.2,388/163.102.1/411.406/2026,"1.	Didik Santoso, S.E.,M.M.
2.	Imam Masduki",1,2026-04-04,08:00:00,PERANGKAT DESA,"7°45'19966"" S, 111°48'2150824"" E",Dusun : Salamjudeg  - Petak 48 d - RPH : Salamjudeg - BKPH : Pace - Klas Hutan : Tjk,BLONGKO,NGETOS,GERAKAN TANAH,2026-04-02,02:00:00,HUJAN INTENSITAS TINGGI DAN SEDIKITNYA TEGAKAN DI LOKASI,"Pada hari Kamis 02 April 2026 Perhutani mendapatkan laporan dari masyarakat Tentang Adanya Retaan Tanah
-	Dan Pihak perhutani melaporkan ke BPBD Kab. Nganjuk
-	Tim BPBD Melaksanakan Asestmen",,,,,,,,"NIHIL,",,,"Panjang Retaan : ± 50 M
-	Lebar Retaan :5 Cm - 30 Cm
-	Kedalaman Retaan 50 Cm -2 M
-	Dimensi TPT yang ambrol :
-	Tinggi ± 4 Meter
-	Lebar ± 0,5 Meter
-	Panjang ± 7 Meter",SIAGA DARURAT,Papan Rambu-rambu Peringatan,"Hari Sabtu 04 April 2026 Pukul 09 . 45 WIB Tim tiba di lokasi
•	Assement dan koordinasi dengan terkait",,Pemasangan Rambu - Rambu Rawan longsor,"BPBD Nganjuk
- Agen bencana Jawa Timur
- Perangkat Desa Blongko
- Perhutani
- Tagana
- Destana Blongko
- Polsek Ngetos
- Koramil Ngetos",https://drive.google.com/open?id=1HdPC0faMlS7o5wbLNZWWixGak00FXlrK,"Sampai laporan ini dikirim kondisi diwilayah Kabupaten Nganjuk terpantau aman, lancar dan terkendali.
•	Cuaca saat ini terpantau Berawan.",,,unparseable_invalid_range,2026-04-02 02:00:00,2026-04-04 08:00:00,54.0,0.0,0.0,0.0,2026,4,April,2,1,False
2026-04-16 11:26:26.051,104.2,388/175.104.2/411.406/2026,"1.	Feri Fauzi
2.	Rifqi Zuhdi Azhari
3.	Yitno
4.	Afrinaldi Ahmat AB Jatim",1,2026-04-09,08:30:00,masyarakat,"7.650127,111.850923",Pilangbangu,sendangbumen,BERBEK,ANGIN KENCANG,2026-04-06,16:30:00,cuaca ekstrem,"Pada Hari Senin Tanggal 06 April 2026 pukul  15: 30WIB terpantau Cuaca di seputaran Wilayah Kecamatan Berbek hujan dengan Itensitas Sedang sampai deras. 
2. Terpantau hingga pukul 16:30 WIB, peningkatan intensitas curah hujan yang disertai angin kencang telah mengakibatkan kerusakan pada sejumlah rumah Semi Permanen di Dusun Pilangbangu Desa Sendangbumen Kecamatan Berbek Kabupaten Nganjuk. Bangunan yang terdampak merupakan struktur lama yang kondisinya telah mengalami pelapukan.""",,,,"1.	Titik 1 Rumah Ibu Binti Kholisatin -7.650127,111.850923
2.	Titik 2 Rumah  Bapak Toha -7.65043,111.85166
3.	Titik 3 Rumah Ibu Bibit -7.65014,111.85107","1. Titik 3 Rumah huni Milik Ibu.Bibit usia 81th. Rt/Rw 025/010
(dinding rumah dan atap kamar rusak), pemilik rumah mengungsi dirumah anaknya.","1. Titik 1 Rumah Huni Milik Ibu.Binti Kholisatin / Bapak Panijan usia 43thn Rt/Rw 025/010  atap dapur dan ruang tamu rusak
2. Titik 2 Rumah huni Milik Bpk.Toha Usia 51 thn Rt/Rw 026/009
(atap dapur, kamar samping rusak)",,NIHIL,,,3 Rumah Huni Warga Dusun Pilangbangu Desa Sendangbumen Kecamatan Berbek Rusak dengan Katagori Rusak Sedang hingga Berat.,PEMULIHAN,"Terpal
•	Logistik",Assement dan koordinasi dengan Pihak terkait,,Perangkat Desa dan Warga Telah Melaksanakan Kerjabhakti,"1. BPBD NGANJUK. 
2. PERANGKAT DESA
3. MASYARAKAT",,"Sampai laporan ini di Buat kondisi diwilayah Kabupaten Nganjuk terpantau aman, lancar dan terkendali.
•	Cuaca saat ini di Seputaran Wilayah Kecamatan Berbek terpantau Berawan.",-7.650127,111.850923,ok_decimal_sign_corrected,2026-04-06 16:30:00,2026-04-09 08:30:00,64.0,0.0,2.0,1.0,2026,4,April,2,1,False
2026-04-17 09:14:50.883,104.2,388/170.104.2/411.406/2026,"1.	Suprapto
2.	Dhimas Hadi Santoso
3.	Achmad Ilham Muchjafar
4.	Dawam Aries (AB JATIM)",1,2026-04-07,08:00:00,masyarakat,"7.589139,111.794843",Tampang,WILANGAN,WILANGAN,ANGIN KENCANG,2026-04-06,17:00:00,Hujan intensitas Sedang - Lebat disertai angin Kencang,"Pada hari Senin tanggal 06 april 2026 sekitar pukul 16.30 telah terjadi Hujan intensitas sedang hingga Lebat disertai angin kencang di wilayah Kecamatan Wilangan Kabupaten Nganjuk
•	Akibat peristiwa tersebut, beberapa rumah warga di Desa Ngadipiro dan Desa Wilangan Kecamatan Wilangan mengalami kerusakan ringan pada bagian atap, seperti genteng berjatuhan.
•	Setelah kejadian, warga bersama aparat setempat segera melakukan pengecekan dan perbaikan sementara pada atap rumah yang terdampak.",,,,,,,"Jumlah rumah terdampak sebanyak 21 unit, dengan tingkat kerusakan ringan di Desa Wilangan",Makam Umum,"1 Fasilitas umum ( Makam umum) ada pohon yang tumbang dengan jenis pohon Jati dan Sonokeling dengan diameter 1,5 meter.",,"Beberapa rumah mengalami kerusakan di bagian atap teras (genteng berjatuhan)
•	Beberapa rumah yang tertimpa dahan pohon dan 1 rumpun bambu. 
•	1 Fasilitas umum ( Makam umum) ada pohon yang tumbang dengan jenis pohon Jati dan Sonokeling dengan diameter 1,5 meter.",SELESAI DITANGANI,Masih dalam proses Koordinasi,"Asesment ke Lokasi
•	Koordinasi dengan Pihak Terkait.
•	Kerja bhakti di beberapa rumah warga",,Pihak Desa Akan Melakukan Kerja Bhakti bersama Masyarakat,"BPBD Nganjuk
•	Agisena BPBD JATIM
•	Dinsos Kab. Nganjuk
•	Polsek Wilangan. 
•	Pemerintah Kec. Wilangan. 
•	Perangkat desa Wilangan. 
•	Perangkat desa Ngadipiro. 
•	Masyarakat",https://drive.google.com/open?id=1KJWzpOyIoerZ_zz-zAhqKNPWXb4XCLnO,"Assesment selesai dilaksankan pukul 11.07 WIB. 
•	Cuaca di wilayah terdampak saat ini terpantau Cerah Berawan",-7.589139,111.794843,ok_decimal_sign_corrected,2026-04-06 17:00:00,2026-04-07 08:00:00,15.0,0.0,0.0,0.0,2026,4,April,2,1,True
2026-04-17 09:18:36.429,104.2,388/170.104.2/411.406/2026,"1.	Suprapto
2.	Dhimas Hadi Santoso
3.	Achmad Ilham Muchjafar
4.	Dawam Aries (AB JATIM)",1,2026-04-07,08:00:00,Perangkat Desa,"7.590430,111.797093",ngadipiro,Ngadipiro,WILANGAN,ANGIN KENCANG,2026-04-06,17:00:00,Hujan intensitas Sedang - Lebat disertai angin Kencang,"Pada hari Senin tanggal 06 april 2026 sekitar pukul 16.30 telah terjadi Hujan intensitas sedang hingga Lebat disertai angin kencang di wilayah Kecamatan Wilangan Kabupaten Nganjuk
•	Akibat peristiwa tersebut, beberapa rumah warga di Desa Ngadipiro dan Desa Wilangan Kecamatan Wilangan mengalami kerusakan ringan pada bagian atap, seperti genteng berjatuhan.
•	Setelah kejadian, warga bersama aparat setempat segera melakukan pengecekan dan perbaikan sementara pada atap rumah yang terdampak.",,,,,,,"Jumlah rumah terdampak sebanyak 41 unit, dengan tingkat kerusakan ringan di Desa Ngadipiro.","NIHIL,",,,"Beberapa rumah mengalami kerusakan di bagian atap teras (genteng berjatuhan)
•	Beberapa rumah yang tertimpa dahan pohon dan 1 rumpun bambu. 
•	1 Fasilitas umum ( Makam umum) ada pohon yang tumbang dengan jenis pohon Jati dan Sonokeling dengan diameter 1,5 meter.",SELESAI DITANGANI,Masih dalam proses Koordinasi,"Asesment ke Lokasi
•	Koordinasi dengan Pihak Terkait.
•	Kerja bhakti di beberapa rumah warga",,Pihak Desa Akan Melakukan Kerja Bhakti bersama Masyarakat,"BPBD Nganjuk
•	Agisena BPBD JATIM
•	Dinsos Kab. Nganjuk
•	Polsek Wilangan. 
•	Pemerintah Kec. Wilangan. 
•	Perangkat desa Wilangan. 
•	Perangkat desa Ngadipiro. 
•	Masyarakat",https://drive.google.com/open?id=1tt6vhWoT3liAFMcZ_Obr64JNlFWgc7lX,"Assesment selesai dilaksankan pukul 11.07 WIB. 
•	Cuaca di wilayah terdampak saat ini terpantau Cerah Berawan",-7.59043,111.797093,ok_decimal_sign_corrected,2026-04-06 17:00:00,2026-04-07 08:00:00,15.0,0.0,0.0,0.0,2026,4,April,2,1,True
2026-04-17 09:27:45.512,102.2,388/171.102.2/411.406/2026,"1.	Oktadian Henri Prasetiyawan
2.	Mohammad Syahrul Febri Nurdiansyah
3.	Achmad Ilham Muchjafar
4.	Dawam Aries (AB JATIM)",1,2026-04-07,15:35:00,Masyarakat,"7,5747915, 111,9054294",Kedungdowo,KEDUNGDOWO,SUKOMORO,ANGIN KENCANG,2026-04-07,15:00:00,"Hujan intensitas Sedang - Lebat dan peningkatan debit aliran Sungai
•	Masuknya air sungai melalui retakan jalan/sempadan sungai","Pada tanggal 01 Desember 2025 kami melakukan asessment jembatan kedungdowo yang ambrol,  bahu jalan/Sempadan sungai yang berada di baratnya jembatan sudah terdekteksi ada retakan. 
•	Sejak saat itu, bahu jalan/Sempadan sungai ada pergerakan. Seiring meningkatnya konsentrasi hujan di wilayah Desa Kedungdowo, dan Drainase yang kurang memadai, air hujan mengalir masuk kedalam retakan. Pada Hari Kamis 12 Februari 2026, sekitar pukul 17.00 WIB, terjadi hujan intensitas sedang sehingga bahu jalan/sempadan sungai ambrol dengan signifikan mendekati jalan dengan Dimensi bahu jalan/sempadan sungai Ambrol dengan Rincian sbb ;
-	Panjang ± 25 Meter
-	Lebar ± 12 meter
-	Tinggi ± 4 meter
•	Hal serupa juga terjadi di bagian bahu jalan/sempadan yang di sebelah Timur, Pada hari Selasa, 07 April 2026 terjadi penurunan sempadan sungai dengan Rincian sbb ;
-	Penurunan tanah ± 40 cm
-	Panjang ± 30meter
-	Lebar ± 3meter
-	Jarak rumah dengan tanggul sungai ± 3meter.",,,,,,,,JALAN / JEMBATAN,"bahu jalan/sempadan sungai Ambrol dengan Rincian sbb ;
-	Panjang ± 25 Meter
-	Lebar ± 12 meter
-	Tinggi ± 4 meter
•	Hal serupa juga terjadi di bagian bahu jalan/sempadan yang di sebelah Timur, Pada hari Selasa, 07 April 2026 terjadi penurunan sempadan sungai dengan Rincian sbb ;
-	Penurunan tanah ± 40 cm
-	Panjang ± 30meter
-	Lebar ± 3meter
-	Jarak rumah dengan tanggul sungai ± 3meter.",,"Penurunan Penahan Jalan desa/Sempadan sungai
•	Terganggunya jalan penghubung desa.
•	Terganggunya aktifitas perekonomian warga dan jalan alternatif",TANGGAP DARURAT,,"Asesment ke Lokasi
•	Koordinasi dengan Pihak Terkait.",,koordinasi,"BPBD Nganjuk
•	Agisena BPBD JATIM
•	Satpol PP Kab. Nganjuk
•	Perangkat Desa Kedungdowo. 
•	Masyarakat",https://drive.google.com/open?id=1U0wg-NcUZlC1BNbFIevNwAjcUCa9Mk9d,Cuaca di wilayah terdampak saat ini terpantau Berawan,-7.5747915,111.9054294,ok_decimal_sign_corrected,2026-04-07 15:00:00,2026-04-07 15:35:00,0.5833333333333334,0.0,0.0,0.0,2026,4,April,2,1,False
2026-04-17 09:33:36.855,104.2,388/176.104.2/411.406/2026,"1.	Suprapto
2.	Imanuel Krestriyanto
3.	Mohammad Syahrul Febri Nurdiansyah",1,2026-04-09,20:17:00,Masyarakat,"7,6565426, 111,9548886",JL Warujayeng-Nganjuk Dusun Jegles,Plosoharjo,PACE,ANGIN KENCANG,2026-04-09,20:12:00,"Hujan intensitas Sedang - Lebat disertai angin
•	Akar Pohon Lapuk","Pada Kamis tanggal 09 April 2026 terjadi hujan dengan intensitas Lebat disertai angin kencang di wilayah Desa Plosoharjo, Kecamatan Pace. Akibat kondisi cuaca tersebut, sebuah pohon berukuran besar yang berada di pinggir jalan utama Desa tumbang. Pohon yang tumbang berjenis pohon jaranan dengan diameter ± 80 cm. Sebab lain juga Di karenakan akar pohon yang Lapuk.
•	Pohon yang tumbang tersebut melintang di badan jalan sehingga menutup seluruh akses kendaraan, baik roda dua maupun roda empat.",,,,,,,,JALAN / JEMBATAN,akses tertutup,,"Menutup Akses Lalu Lintas JL Warujayeng-Nganjuk
•	Menimpa Kabel Listrik PLN",SELESAI DITANGANI,,"Asesment ke Lokasi
•	Koordinasi dengan Pihak Terkait.
•	Evakuasi Pohon Tumbang",,,"BPBD Nganjuk
•	TNI dan POLRI
•	DAMKARMAT POS Pace
•	Masyarakat",https://drive.google.com/open?id=1aGuU_oUAdnpKdMlbO7cVymjlssROfVPa,"Evakuasi Pohon Tumbang selesai Pukul 22.28 WIB.
•	Akses lalu lintas kembali normal.
•	Cuaca di wilayah terdampak saat ini terpantau Berawan",-7.6565426,111.9548886,ok_decimal_sign_corrected,2026-04-09 20:12:00,2026-04-09 20:17:00,0.08333333333333333,0.0,0.0,0.0,2026,4,April,2,1,True
2026-04-16 11:32:50.637,102.2,388/190.102.2/411.406/2026,"1.	Erwin Baharudinsyah, S.Pd
2.	Afrnaldi Ahmat (Agisena BPBD Jatim)",1,2026-04-11,08:00:00,masyarakat,"7.57474,111.90241",RT 03 RW 04,KEDUNGDOWO,NGANJUK,GERAKAN TANAH,2026-04-10,12:10:00,Tanah Labil,"Pada Hari Jumat, tanggal 11 April 2026, pemilik rumah sudah mendengar ada suara retakan tanah
•	Pada Hari Sabtu 12 Maret 2026, sekitar pukul 12.10 wib rumah tersebut roboh, dikarenakan kondisi tanah ditempat kejadian merupakan area yang labil(sering terjadi pengikisan/Erosi) 
•	Lokasi tersebut sudah ada proses penanganan darurat dengan memasang bronjong dan sesek, Akan tetapi dikarenakan kondisi tanah yang labil, bronjong dan sesek tidak berfungsi dengan baik dan ambrol ke sisi sungai widas.",,,,1,"1 Rumah Rusak Berat
•	Pemilik rumah atas Desy Wirawati",,,tanggul penahan tanah,,,,BELUM DITANGANI,Logistik Kebutuhan Dasar (sudah terpenuhi),"Asesment dan koordinasi dengan Pihak Terkait
•	Distribusi Logistik",penyediaan tanah untuk relokasi dalam tahap penyediaan,Koordinasi antar OPD.,"BPBD Kabupaten Nganjuk
•	Agisena BPBD JATIM
•	Camat Nganjuk
•	Perangkat Desa Kedungdowo
•	Masyarakat",,"Penghuni rumah mengungsi kerumah orang tuanya yang berada disisi utara rumoh
•	Kondisi Cuaca di sekitar lokasi kejadian terpantau *Berawan*",-7.57474,111.90241,ok_decimal_sign_corrected,2026-04-10 12:10:00,2026-04-11 08:00:00,19.833333333333332,0.0,1.0,1.0,2026,4,April,2,1,False
2026-04-16 11:39:53.868,104.2,388/181.104.2/411.406/2026,"1.	Erwin Baharudinsyah, S.Pd
2.	Imam masduki
3.	Afrinaldi Ahmat (Agisena BPBD Prov. Jatim)
4.	Dawam Aries R (Agisena BPBD Prov. Jatim)",1,2026-04-11,18:59:00,masyarakat,"Titik 1 -7.60266,112.05621 Titik 2 -7.60101,112.06211 Titik 3 -7.60922,112.06072","Titik 1 -7.60266,112.05621 Titik 2 -7.60101,112.06211 Titik 3 -7.60922,112.06072",Baron,BARON,ANGIN KENCANG,2026-04-10,15:21:00,cuaca ekstrem,"Pada Hari jum’at tanggal 10 April 2026 Sekitar Pukul 15.10 WIB telah terjadi Hujan disertai angin kencang di wilayah Desa Baron Kec. Baron.
•	Kejadian tersebut mengakibatkan  beberapa Rumah rusak.",,,,,,"1.	Titik 1 Rusak Sedang
-	Lampes (L) (67) 
-	RT 04 RW 08 Dusun Nanggungan
2.	Titik 2 Rusak Sedang
-	Kasipan (L) (52th)
-	RT 07 RW 02 Dusun Baron Timur
3.	Titik 3 Rusak Sedang
-	Maria Yusefa Dwi Pratiwi(P) (56th) 
-	RT 09 RW 01 Dusun Baron",,NIHIL,,,Rumah rusak (atap tersingkap),SELESAI DITANGANI,Logistik Kebutuhan Dasar,"Asesment dan koordinasi dengan Pihak Terkait
•	Distribusi Logistrik",,Kerjabhakti oleh Masyarakat.,"BPBD Kabupaten Nganjuk
•	Agisena BPBD Prov. JATIM
•	Perangkat Desa Jogomerto
•	Masyarakat",,ondisi Cuaca di sekitar lokasi kejadian terpantau *Cerah*,-7.60266,112.05621,multi_point_first_used,2026-04-10 15:21:00,2026-04-11 18:59:00,27.633333333333333,0.0,1.0,0.0,2026,4,April,2,1,True
2026-04-16 12:04:13.315,104.2,388/182.104.2/411.406/2026,"1.	Erwin Baharudinsyah, S.Pd
2.	Imam masduki
3.	Afrinaldi Ahmat (Agisena BPBD Prov. Jatim)
4.	Dawam Aries R (Agisena BPBD Prov. Jatim)",1,2026-04-10,17:39:00,WARGA,"7.61087,112.04018",Sulur,JOGOMERTO,TANJUNGANOM,ANGIN KENCANG,2026-04-10,15:00:00,Hujan intensitas Lebat disertai angin,"Pada Hari Jum’at tanggal 10 April 2026 Sekitar Pukul 15.00 WIB telah terjadi Hujan disertai angin kencang di wilayah Desa Jogomerto Kec. Tanjunganom
•	Kejadian tersebut mengakibatkan  Rumah Ibu Jumirah rusak pada bagian atap.",,,,,,"Jumirah {67th) (P)
•	Dusun Sulur RT 03 RW 01 Desa Jogomerto, Kec. Tanjunganom",,NIHIL,,,,SELESAI DITANGANI,Logistik Kebutuhan Dasar,"Asesment dan koordinasi dengan Pihak Terkait
•	Distribusi Logistrik",,Kerjabhakti oleh Masyarakat.,"BPBD Kabupaten Nganjuk
•	Agisena BPBD Prov. JATIM
•	Perangkat Desa Jogomerto
•	Masyarakat",,"Saat ini ibu Jumirah mengungsi di rumah anaknya 
•	Kerjabhakti telah dikoordinir perangkat desa 
•	Kondisi Cuaca di sekitar lokasi kejadian terpantau *Cerah*",-7.61087,112.04018,ok_decimal_sign_corrected,2026-04-10 15:00:00,2026-04-10 17:39:00,2.65,0.0,67.0,0.0,2026,4,April,2,1,True
2026-04-17 07:44:14.002,104.2,388/183.104.2/411.406/2026,"1.	Bagas Pradiska Gunadarma
2.	Lucky Yudha .I., S.Kom
3.	Dawam Aries R (Agisena BPBD Prov. Jatim)",1,2026-04-11,14:39:00,masyarakat,"7.604987,111.984997",Kedungsuko,Kedungsuko,SUKOMORO,ANGIN KENCANG,2026-04-11,14:10:00,cuaca ekstrem angin kencang,"Pada hari Sabtu, 11 April 2026 sekitar pukul 14.00 WIB telah terjadi Hujan disertai angin kencang di wilayah Kab. Nganjuk.
•	Pusdalops BPBD Nganjuk menerima laporan sekitar pukul 14.39 WIB dari Masyarakat mengenai adanya pohon tumbang di beberapa titik. 
•	Pusdalops BPBD Nganjuk memberangkatkan 2 tim pada pukul 14.43 untuk melakukan assessment dan evakuasi pohon tumbang.
•	Jenis Pohon Waru diameter  ± 20 cm.",,,,,,,,NIHIL,,,Menutup akses jalan,SELESAI DITANGANI,,"Asesment dan koordinasi dengan Pihak Terkait
•	Evakuasi Pohon Tumbang",,,"BPBD Kabupaten Nganjuk
•	Agisena BPBD Prov. JATIM
•	Polsek Sukomoro",,"Pohon Tumbang sudah selesai dievakuasi, dan sampai laporan ini dibuat kondisi Cuaca di sekitar lokasi kejadian terpantau *hujan dengan intensitas ringan*",-7.604987,111.984997,ok_decimal_sign_corrected,2026-04-11 14:10:00,2026-04-11 14:39:00,0.48333333333333334,0.0,0.0,0.0,2026,4,April,2,1,True
2026-04-17 07:58:21.983,104.2,388/184.104.2/411.406/2026,"1.	Bagas Pradiska Gunadarma
2.	Lucky Yudha .I., S.Kom
3.	Dawam Aries R (Agisena BPBD Prov. Jatim)",1,2026-04-11,14:39:00,masyarakat,"7.602965,111.954631",Jalan raya surabaya - madiun dusun bungur,nglundo,SUKOMORO,ANGIN KENCANG,2026-04-11,14:10:00,Hujan intensitas Lebat disertai angin,"Pada hari Sabtu, 11 April 2026 sekitar pukul 14.00 WIB telah terjadi Hujan disertai angin kencang di wilayah Kab. Nganjuk.
•	Pusdalops BPBD Nganjuk menerima laporan sekitar pukul 14.39 WIB dari Masyarakat mengenai adanya pohon tumbang di beberapa titik. 
•	Pusdalops BPBD Nganjuk memberangkatkan 2 tim pada pukul 14.43 untuk melakukan assessment dan evakuasi pohon tumbang.
•	Jenis Petai Cina (Kolomtoro) diameter  ± 50 cm.",,,,,,,,NIHIL,,,menutup akses jalan,SELESAI DITANGANI,,"Asesment dan koordinasi dengan Pihak Terkait
•	Evakuasi Pohon Tumbang",,,"BPBD Kabupaten Nganjuk
•	Agisena BPBD Prov. JATIM
•	Polsek Sukomoro
•	Koramil Sukomoro
•	Masyarakat",,"Pohon Tumbang sudah selesai dievakuasi, dan sampai laporan ini dibuat kondisi Cuaca di sekitar lokasi kejadian terpantau *hujan dengan intensitas ringan*",-7.602965,111.954631,ok_decimal_sign_corrected,2026-04-11 14:10:00,2026-04-11 14:39:00,0.48333333333333334,0.0,0.0,0.0,2026,4,April,2,1,True
2026-04-17 08:02:52.330,104.2,388/185.104.2/411.406/2026,"1.	Bagas Pradiska Gunadarma
2.	Lucky Yudha .I., S.Kom
3.	Dawam Aries R (Agisena BPBD Prov. Jatim)",1,2026-04-11,14:39:00,masyarakat,"7.586238,111.945813",ngrami,ngrami,SUKOMORO,ANGIN KENCANG,2026-04-11,14:10:00,Hujan intensitas Lebat disertai angin,"Pada hari Sabtu, 11 April 2026 sekitar pukul 14.00 WIB telah terjadi Hujan disertai angin kencang di wilayah Kab. Nganjuk.
•	Pusdalops BPBD Nganjuk menerima laporan sekitar pukul 14.39 WIB dari Masyarakat mengenai adanya pohon tumbang di beberapa titik. 
•	Pusdalops BPBD Nganjuk memberangkatkan 2 tim pada pukul 14.43 untuk melakukan assessment dan evakuasi pohon tumbang.
•	Jenis Pohon  Mindi diameter  ± 50 cm.",,,,,,,,NIHIL,,,Menutup akses jalan,SELESAI DITANGANI,,"Asesment dan koordinasi dengan Pihak Terkait
•	Evakuasi Pohon Tumbang",,,"BPBD Kabupaten Nganjuk
•	Agisena BPBD Prov. JATIM
•	Polsek Sukomoro
•	Koramil Sukomoro
•	Masyarakat",,"Pohon Tumbang sudah selesai dievakuasi, dan sampai laporan ini dibuat kondisi Cuaca di sekitar lokasi kejadian terpantau *hujan dengan intensitas ringan*",-7.586238,111.945813,ok_decimal_sign_corrected,2026-04-11 14:10:00,2026-04-11 14:39:00,0.48333333333333334,0.0,0.0,0.0,2026,4,April,2,1,True
2026-04-17 08:10:09.319,104.2,388/186.104.2/411.406/2026,"1.	Bagas Pradiska Gunadarma
2.	Lucky Yudha .I., S.Kom
3.	Dawam Aries R (Agisena BPBD Prov. Jatim)",1,2026-04-11,14:10:00,Masyarakat,"7.586238,111.945813",Lingkungan Tempel,Sukomoro,SUKOMORO,ANGIN KENCANG,2026-04-11,14:10:00,Hujan intensitas Lebat disertai angin,"Pada hari Sabtu, 11 April 2026 sekitar pukul 14.00 WIB telah terjadi Hujan disertai angin kencang di wilayah Kab. Nganjuk.
•	Pusdalops BPBD Nganjuk menerima laporan sekitar pukul 14.39 WIB dari Masyarakat mengenai adanya pohon tumbang di beberapa titik. 
•	Pusdalops BPBD Nganjuk memberangkatkan 2 tim pada pukul 14.43 untuk melakukan assessment dan evakuasi pohon tumbang.
•	Jenis Pohon Jaranan diameter ± 60 cm",,,,,,,,NIHIL,,,Menutup akses jalan,SELESAI DITANGANI,,"Asesment dan koordinasi dengan Pihak Terkait
•	Evakuasi Pohon Tumbang",,,"BPBD Kabupaten Nganjuk
•	Agisena BPBD Prov. JATIM
•	Polsek Sukomoro
•	Koramil Sukomoro
•	Masyarakat",,"Pohon Tumbang sudah selesai dievakuasi, dan sampai laporan ini dibuat kondisi Cuaca di sekitar lokasi kejadian terpantau *hujan dengan intensitas ringan*",-7.586238,111.945813,ok_decimal_sign_corrected,2026-04-11 14:10:00,2026-04-11 14:10:00,0.0,0.0,0.0,0.0,2026,4,April,2,1,True
2026-04-17 08:15:22.585,104.2,388/187.104.2/411.406/2026,"1.	Didik Santoso, S.E,.M.M
2.	Yitno
3.	Imam Masduki",,2026-04-11,14:10:00,Masyarakat,"7.600782,111.923859",Jl. Panglima Sudirman,Pehserut,SUKOMORO,ANGIN KENCANG,2026-04-11,14:10:00,Hujan intensitas Lebat disertai angin,"Pada hari Sabtu, 11 April 2026 sekitar pukul 14.00 WIB telah terjadi Hujan disertai angin kencang di wilayah Kab. Nganjuk.
•	Pusdalops BPBD Nganjuk menerima laporan sekitar pukul 14.39 WIB dari Masyarakat mengenai adanya pohon tumbang di beberapa titik. 
•	Pusdalops BPBD Nganjuk memberangkatkan 2 tim pada pukul 14.43 untuk melakukan assessment dan evakuasi pohon tumbang.
•	Jenis Pohon Sono diameter  ± 30 cm.",,,,,,,,NIHIL,,,Menutup akses jalan,SELESAI DITANGANI,,"Asesment dan koordinasi dengan Pihak Terkait
•	Evakuasi Pohon Tumbang",,,"BPBD Kabupaten Nganjuk
•	Masyarakat",https://drive.google.com/open?id=1CtXAymyMNiggZnxsIx8UAIPXJFfCxML8,"Pohon Tumbang sudah selesai dievakuasi, dan sampai laporan ini dibuat kondisi Cuaca di sekitar lokasi kejadian terpantau *hujan dengan intensitas ringan*",-7.600782,111.923859,ok_decimal_sign_corrected,2026-04-11 14:10:00,2026-04-11 14:10:00,0.0,0.0,0.0,0.0,2026,4,April,2,1,True
2026-04-17 08:24:06.937,104.2,388/188.104.2/411.406/2026,"1.	Didik Santoso, S.E,.M.M
2.	Yitno
3.	Imam Masduki",1,2026-04-11,14:10:00,masyarakat,"7.609585,111.9251201",Kapas,Kapas,SUKOMORO,ANGIN KENCANG,2026-04-11,14:10:00,Hujan intensitas Lebat disertai angin,"Pada hari Sabtu, 11 April 2026 sekitar pukul 14.00 WIB telah terjadi Hujan disertai angin kencang di wilayah Kab. Nganjuk.
•	Pusdalops BPBD Nganjuk menerima laporan sekitar pukul 14.39 WIB dari Masyarakat mengenai adanya pohon tumbang di beberapa titik. 
•	Pusdalops BPBD Nganjuk memberangkatkan 2 tim pada pukul 14.43 untuk melakukan assessment dan evakuasi pohon tumbang.
•	Jenis Pohon Kelengkeng diameter  ± 25 cm.",,,,,,,,NIHIL,,,"Menutup akses jalan
•	Menimpa kabel listrik",SELESAI DITANGANI,,"Asesment dan koordinasi dengan Pihak Terkait
•	Evakuasi Pohon Tumbang",,,"BPBD Kabupaten Nganjuk
•	Koramil Sukomoro
•	Masyarakat",https://drive.google.com/open?id=1XFx4bSUtAEUeH2GPUEl780DUT9jKR2V0,"Pohon Tumbang sudah selesai dievakuasi, dan sampai laporan ini dibuat kondisi Cuaca di sekitar lokasi kejadian terpantau *hujan dengan intensitas ringan*",-7.609585,111.9251201,ok_decimal_sign_corrected,2026-04-11 14:10:00,2026-04-11 14:10:00,0.0,0.0,0.0,0.0,2026,4,April,2,1,True
2026-04-17 08:31:09.917,104.2,388/189.104.2/411.406/2026,"1.	Didik Santoso, S.E,.M.M
2.	Erwin Baharudinsyah, S.Pd
3.	Imam Masduki",1,2026-04-11,14:39:00,mASYARAKAT,"7.600731, 111.921339",KANTOR INSPEKTORAT,MANGUNDIKARAN,NGANJUK,ANGIN KENCANG,2026-04-11,14:10:00,Hujan intensitas Lebat disertai angin,"Pada hari Sabtu, 11 April 2026 sekitar pukul 14.00 WIB telah terjadi Hujan disertai angin kencang di wilayah Kab. Nganjuk.
•	Pusdalops BPBD Nganjuk menerima laporan sekitar pukul 14.39 WIB dari Masyarakat mengenai adanya pohon tumbang di beberapa titik. 
•	Pusdalops BPBD Nganjuk memberangkatkan 2 tim pada pukul 14.43 untuk melakukan assessment dan evakuasi pohon tumbang.
•	Jenis Pohon Mangga diameter  ± 40 cm.",,,,,,,,NIHIL,,,"Menutup akses jalan
•	Menimpa kabel listrik",SELESAI DITANGANI,,,,,"BPBD Kabupaten Nganjuk
•	Masyarakat",https://drive.google.com/open?id=1paQMlHbM-FoHrqr1JXITAh7Skd_0Y5kv,"Pohon Tumbang sudah selesai dievakuasi, dan sampai laporan ini dibuat kondisi Cuaca di sekitar lokasi kejadian terpantau *hujan dengan intensitas ringan*",-7.600731,111.921339,ok_decimal_sign_corrected,2026-04-11 14:10:00,2026-04-11 14:39:00,0.48333333333333334,0.0,0.0,0.0,2026,4,April,2,1,True
2026-04-17 09:38:35.816,104.2,388/192.104.2/411.406/2026,"1.	Suprapto
2.	Dhimas Hadi Santoso
3.	Eko Sudarsono
4.	Oktadian Henri Prasetiyawan
5.	Imanuel Krestriyanto
6.	Dawam Aries (AB JATIM)",1,2026-04-12,08:10:00,MASYARAKAT,"7.603888,111.945309",Sukomoro,Sukomoro,SUKOMORO,ANGIN KENCANG,2026-04-11,15:00:00,"Hujan intensitas Sedang - Lebat disertai angin Kencang
•	Akar Pohon Lapuk","Pada hari Sabtu tanggal 11 April 2026 sekitar pukul 14.00 WIB, telah terjadi hujan dengan intensitas sedang hingga lebat yang disertai angin kencang di wilayah Kelurahan Sukomoro.
•	Hujan disertai Angin kencang yang berlangsung selama kurang lebih 30 menit menyebabkan sebuah pohon di sekitar permukiman warga tumbang dengan jenis Pohon Asem diameter ± 1 Meter. Pohon tersebut menimpa bagian dapur rumah milik Ibu Dwi Sriani serta garasi rumah milik Ibu Sriani.
•	Tidak terdapat korban jiwa dalam kejadian ini",,,,,,"1.	Bagian dapur rumah Ibu Dwi Sriani mengalami kerusakan pada atap bangunan
DWI SRIANI (P) (45TH) RT 01 RW 02 Kelurahan Sukomoro
2.	Garasi rumah Ibu Sriani mengalami kerusakan pada bagian atap dan rangka
SRIANI (P) (61TH) RT 01 RW 02 Kelurahan Sukomoro",,MAKAM PUNDEN,PAGAR PUNDEN,,Pohon Tumbang menimpa 2 rumah Warga,SELESAI DITANGANI,,"Asesment ke Lokasi
•	Koordinasi dengan Pihak Terkait.
•	Evakuasi Pohon Tumbang
•	Distribusi bantuan Logistik",,,"BPBD Nganjuk
•	Agisena BPBD JATIM
•	Perangkat Kelurahan Sukomoro. 
•	Masyarakat",https://drive.google.com/open?id=1g6v3gr8PYJE5BU9fT2kV3jM2l7SYNr4L,"Evakuasi Pohon selesai dilaksankan pukul 14.11 WIB. 
•	Cuaca di wilayah terdampak saat ini terpantau Cerah Berawan",-7.603888,111.945309,ok_decimal_sign_corrected,2026-04-11 15:00:00,2026-04-12 08:10:00,17.166666666666668,0.0,1.0,0.0,2026,4,April,2,1,True
2026-04-22 11:17:02.126,104.2,388/199.104.2/411.406/2026,"1.Erwin Baharudinsyah, S.Pd.
2.Dawam Aries (AB JATIM)",1,2026-04-16,08:00:00,PERANGKAT DESA,"7.615663,111.928533",Kapas.,Kapas.,SUKOMORO,ANGIN KENCANG,2026-04-11,14:40:00,Hujan dengan intensitas sedang hingga tinggi dan disertai angin kencang di wilayah Kec. Sukomoro.,"Pada hari Sabtu, 11 April 2026 pukul 14.00 WIB Terpantau hujan intensitas sedang hingga tinggi dan di sertai angin kencang di wilayah sekitar Kecamatan Sukomoro. 
Mengakibatkan di wilayah Kec. Sukomoro khususnya Kelurahan Kapas dan banyak atap rumah warga di beberapa RW runtuh Karena diterjang angin kencang. 
Pusdalops BPBD Nganjuk menerima laporan pada hari kamis ,16 April 2026 pukul 14.40 Wib  menindak lanjuti surat dari Kelurahan Kapas mengenai dampak hujan dengan intensitas sedang hingga tinggi disertai  angin kencang pada Sabtu, 11 April 2026.  
Pusdalops memberangkatkan 1 team untuk melakukan assessment dan koordinasi dengan pihak terkait.",,,,,,,6,NIHIL,,,Sebanyak 6 rumah rusak pada bagian atap.,SELESAI DITANGANI,Dalam proses koordinasi,"Koordinasi dengan Pemerintah Desa 
Survey langsung ke titik lokasi dampak cuaca ekstrem
Pendataan kondisi kerusakan dan potensi dampak
Dokumentasi lapangan",,,"BPBD Nganjuk
Agisena BPBD JATIM
Perangkat Kelurahan Kapas.",https://drive.google.com/open?id=1w7Sl80l7Mo_dUleXnPkF7ViXiAVL5mxK,"Selesai Assesment pukul  17.00  WIB. 
Cuaca di wilayah terdampak saat ini terpantau intensitas ringan di beberapa wilayah Kab. Nganjuk.",-7.615663,111.928533,ok_decimal_sign_corrected,2026-04-11 14:40:00,2026-04-16 08:00:00,113.33333333333333,0.0,6.0,0.0,2026,4,April,2,1,True
2026-05-02 21:57:43.317,90.05,388/201.90.05/411.406/2026,"1.	Didik Santoso, S.E.,M.M.
2.	Imam Masduki 
3.	Afrinaldi Ahmat (AB JATIM)",198909262025211055,2026-04-17,10:58:00,Masyarakat,"7.572360, 111.880588 &  -7.573158, 111.881103",RT. 03/RW 01 & RT. 05/RW 02,KUTOREJO,BAGOR,LONGSOR,2026-03-19,00:00:00,"Saluran Sanitasi dan Drainase Tidak Memadai.
•	Peningkatan Debit Air Sungai Widas.","Pada hari Jum’at, 17 April 2026 Pukul 10.58 WIB Pusdalops PB BPBD Kab. Nganjuk menerima informasi tentang adanya tanah longsor di Desa Kutorejo, Bagor.
•	Pukul 13.04 WIB memberangkatkan 1 tim untuk melakukan Assesment pada area longsor.
•	Titik 1 dan 2 longsor merupakan area Sempadan sungai Widas, dengan kondisi tanah yang labil, sering terjadi pengikisan sepanjang sungai pada saat peningkatan debit air.
•	Longsoran pada Titik 1 terjadi sejak hari Kamis, 19 Maret 2026, sedangkan pada Titik 2 terjadi sejak tahun 2013.
•	Diperparah dengan Saluran sanitasi dan drainase tidak memadai (air meresap di sempadan sungai) sehingga terjadilah longsor di titik tersebut.
•	Pada titik 1 sudah dilakukan penangangan awal Pemerintah Desa bersama masyarakat telah membangun tanggul penahan tanah menggunakan patok bambu dan sandbag berisi limbah plastik, namun tetap ambrol karena sandbag tidak dapat  menahan tanah pada saat terjadi peningkatan debit sungai.",,,,,,2,,sempadan sungai,"Dimensi Longsoran Titik 1 :
-	P : 22 meter
-	L : 16.5 meter
-	T : 9 meter
•	Kondisi : Labil dan berpotensi terjadi longsor susulan
•	Area terdampak : Rumah  warga dan sempadan sungai

•	Longsoran Titik 2 :
•	Kondisi : Struktur tanah bekas longsoran di tahun 2013, sudah relatif stabil. Akan tetapi pondasi rumah yang sudah menggantung sejak  lama bisa terancam jika terjadi peningkatan debit air.
•	Area terdampak : Rumah  warga dan sempadan sungai",,,SELESAI DITANGANI,,"1.	Koordinasi dengan Pemerintah Desa dan masyarakat setempat.
2.	Survey langsung ke titik lokasi longsor.
3.	Pendataan kondisi kerusakan dan potensi dampak.
4.	Pengukuran dimensi area terdampak.
5.	Dokumentasi lapangan.",waktu kejadian di titik 2 yang terlampau lama,Koordinasi lintas sektor,"BPBD Kab. Nganjuk
•	Agisena BPBD Prov Jatim
•	Pemerintah Desa Kutorejo
•	Masyarakat",https://drive.google.com/open?id=1ycX13eLYipyL47QVCtD3Czer-s4rr6nA,"Tanggal : 17 April 2026
Pukul : 14.15 WIB
•	Cuaca Cerah berawan.
•	Sampai laporan kondisi di lokasi terdampak  aman terkendali.",-7.57236,111.880588,multi_point_first_used_sign_corrected,2026-03-19 00:00:00,2026-04-17 10:58:00,706.9666666666667,0.0,2.0,0.0,2026,3,March,1,1,True
2026-05-02 22:02:05.333,104.2,388/215.104.2/411.406/2026,"1.	Imam Masduki
2.	Septian Danang Dwi Hedmoko, S.Kom.
3.	Achmad Ilham Muhjafar
4.	Yusuf Harmanto",198508082025211076,2026-04-28,07:11:00,Masyarakat,"7⁰36'12,666""S 111⁰52'42,678""E",RT. 09/RW 04,Sekarputih,BAGOR,ANGIN KENCANG,2026-04-27,20:00:00,"Hujan Lebat
•	Usia bangunan sudah tua","Pada hari Senin, 27 April 2026 Pukul 15.30 WIB terpantau Hujan dengan intensitas sedang hingga tinggi di Wilayah Kec. Bagor dan beberapa Wilayah Kabupaten Nganjuk lainnya. 
•	Pada pukul 20.00 WIB terjadi atap dan tembok rumah milik Bapak Komari (75th).
•	Pada hari Selasa, 28 April 2026 Pukul 07.11 WIB Pusdalops PB BPBD Kab. Nganjuk menerima informasi tentang adanya Rumah Roboh.
•	Pukul 09.50 WIB memberangkatkan 1 tim untuk melakukan Assesment.
•	Identias Pemilik Rumah :
•	Nama : Komari (75th)
Alamat : RT. 09/RW 04 Desa Sekarputih, Bagor",,,,,,1 rumah milik Komari (75th),,NIHIL,,,,SELESAI DITANGANI,Logistik untuk kebutuhan hidup dasar,"Hari Selasa, 28 April 2026 Pukul 10.20 WIB Tim tiba di lokasi
•	Koordinasi dengan Pemerintah Desa 
•	Survey langsung ke titik lokasi dampak cuaca ekstrem
•	Pendataan kondisi kerusakan dan potensi dampak
•	Pendistribusian Bantuan Logistik
•	Dokumentasi lapangan",,Kerja bakti dan pembersihan reruntuhan oleh pihak desa dan masyarakat,"BPBD Nganjuk.
•	Perangkat Kelurahan Sekarputih.",https://drive.google.com/open?id=1TMg2GLUu01njfyV2kbAsS0FjI35EKwgx,"Pukul 10.40 WIB Kegiatan Assesment telah selesai dilaksanakan.
•	Rumah masih bisa ditempati.
•	Sampai laporan ini dikirim kondisi diwilayah Kabupaten Nganjuk terpantau aman, lancar dan terkendali. 
•	Cuaca di wilayah terdampak saat ini terpantau intensitas ringan di beberapa wilayah Kab. Nganjuk.",-7.603518333333333,111.87852166666666,ok_dms,2026-04-27 20:00:00,2026-04-28 07:11:00,11.183333333333334,0.0,1.0,0.0,2026,4,April,2,1,True
2026-05-02 22:06:57.290,90.05,388/216.90.05/411.406/2026,"1.	Imam Masduki
2.	Septian Danang Dwi Hedmoko, S.Kom.
3.	Achmad Ilham Muhjafar
4.	Yusuf Harmanto",198508082025211076,2026-04-27,07:00:00,Surat masuk dari Pemerintah Desa,"7.745631, 111.753418",Gedangklutuk,Sawahan,SAWAHAN,LONGSOR,2026-03-20,00:00:00,Hujan Intensitas Tinggi,"Pada hari Senin, 27 April 2026 BPBD Kab. Nganjuk menerima Surat Masuk dari Pemerintah Desa Sawahan terkait Permintaan Bantuan Bronjong Penahan Tanah untuk menunjang penanganan tanah longsor di Dusun Gedangklutuk RT 006 dan RT 007/RW 006.
•	Selasa, 28 April 2026 Pukul 09.50 WIB menindak lanjuti surat tersebut Pusdalop PB BPBD Kab. Nganjuk memberangkatkan 1 tim untuk melakukan Assesment pada area Longsor.",,,,,,,,JALAN / JEMBATAN,"Dimensi Longsoran titik 1 :
-	P : ± 8 m
L : ± 1,8 m
-	T : ± 2 m

•	Dimensi Longsoran titik 2 :
-	P : ± 8 m
L : ± 3,2 m
-	T : ±  1 m

•	Kondisi : Labil Dan Berpotensi Terjadi Longsor Susulan.
•	Area terdampak : Tanggul Penahan Tanah Jalan Penghubung Dusun.",,Tanggul Penahan Tanah Ambrol.,SELESAI DITANGANI,Bronjong,"1.	Koordinasi dengan Pemerintah Desa.
2.	Survey langsung ke titik lokasi longsor.
3.	Pendataan kondisi kerusakan dan potensi dampak.
4.	Pengukuran dimensi area terdampak.
5.	Dokumentasi lapangan.",,Dalam Proses Koordinasi.,"BPBD Kab. Nganjuk
•	Pemerintah Desa Sawahan",https://drive.google.com/open?id=1tcPEdqVtjt7mNHi_dK0yp3aevXLFyW4V,"Tanggal : 28 April 2026
•	Pukul     : 13.15 WIB
•	Cuaca berawan
•	Kondisi masih berpotensi longsor.",-7.745631,111.753418,ok_decimal_sign_corrected,2026-03-20 00:00:00,2026-04-27 07:00:00,919.0,0.0,0.0,0.0,2026,3,March,1,1,True
2026-05-02 22:11:24.133,104.2,388/218.104.2/411.406/2026,"1.	Didik Santoso, S.E.,M.M.
2.	Imam Masduki
3.	Dawam Aries R (Agisena BPBD Prov. Jatim)",198909262025211055,2026-04-27,07:00:00,Surat masuk dari Pemerintah Desa,"7.590315,112.083076",RT. 002/RW 001 Dusun: Pandansri,Lambangkuning,KERTOSONO,ANGIN KENCANG,2026-03-28,15:30:00,"Hujan Lebat disertai angin.
•	Usia Bangunan Sudah Tua","Pada hari Jum’at, 28 Maret 2026 Pukul 15.00 WIB terpantau Hujan dengan intensitas sedang hingga tinggi disertai angin  di Wilayah Kec. Kertosono dan beberapa Wilayah Kabupaten Nganjuk lainnya.
•	Pada pukul 15.30 WIB terjadi roboh pada atap dan tembok  ruang kamar dan kamar mandi milik Bapak Sutrisno.
•	Pada hari Senin, 27 April 2026 BPBD Kab. Nganjuk menerima Surat Masuk dari Pemerintah Desa Lambangkuning terkait Permohonan Bantuan untuk korban terdampak Cuaca Ekstrem.
•	Pada Hari Rabu, 29 April 2026 Pukul 09.13 WIB memberangkatkan 1 tim untuk melakukan Assesment dan Pendistribusian Bantuan Logistik untuk korban terdampak.",,,,,,1 rumah milik Sutrisno (62th),,NIHIL,"Ukuran Rumah :
•	Panjang : ± 11 m
•	Lebar : ± 8,7 m
•	Ukuran Kerusakan :
•	Panjang : ± 11m
•	Lebar : ± 3,5 m",,,SELESAI DITANGANI,Logistik untuk kebutuhan hidup dasar,"Hari Rabu 29 April 2026 Pukul 09.45WIB Tim tiba di lokasi.
•	Koordinasi dengan Pemerintah Desa.
•	Survey langsung ke titik lokasi dampak cuaca ekstrem.
•	Pendataan kondisi kerusakan dan potensi dampak.
•	Pendistribusian Bantuan Logistik.
•	Dokumentasi lapangan.",,Pihak Pemerintah desa masih berkordinadi Dengan Pihak Terkait.,"BPBD Nganjuk
•	Agen bencana Jawa Timur
•	Perangkat Desa Lambangkuning",https://drive.google.com/open?id=1Kv7onHwOov8AgUO5aZh3s6pBtC-3pxia,"Pukul 10.20 WIB Kegiatan Assesment telah selesai dilaksanakan.
•	Rumah masih bisa ditempati.
•	Sampai laporan ini dikirim kondisi diwilayah Kabupaten Nganjuk terpantau aman, lancar dan terkendali. 
•	Cuaca di wilayah terdampak saat ini terpantau Berawan",-7.590315,112.083076,ok_decimal_sign_corrected,2026-03-28 15:30:00,2026-04-27 07:00:00,711.5,0.0,1.0,0.0,2026,3,March,1,1,True
2026-05-02 22:16:14.351,102.1,388/219.102.1/411.406/2026,"1.	Didik Santoso, S.E.,M.M.
2.	Imam Masduki
3.	Achmad Ilham Muhjafar",198909262025211055,2026-04-29,09:38:00,Masyarakat,"7°40'5, 65867"" S 111°51'13, 00741"" E",Semare,Semare,BERBEK,LONGSOR,2026-04-28,00:00:00,Hujan Lebat disertai angin.,"Pada hari Selasa, 28 April 2026 terpantau Hujan dengan intensitas sedang hingga tinggi disertai angin  di Wilayah Kec. Berbek  dan beberapa Wilayah Kabupaten Nganjuk lainnya.
•	Pada hari Rabu 29 April 2026 Pukul 09:38 WIB Pusdalops PB BPBD Kab. Nganjuk menerima informasi tentang adanya tanggul penahan tanah ambrol di area persawahan Ds. Semare Kec. Berbek.
•	Pukul 13:30 WIB memberangkatkan 1 tim untuk melakukan Assesment dan Koordinasi.",,,,,,,,"JALAN / JEMBATAN, •	Tanggul Penahan Tanah & Jalan Penghubung Ambrol","Dimensi Ambrol :
•	Panjang : ± 23 m
•	Lebar : ± 3 m
•	Tinggi : ± 1,5 m
•	Status Keadaan : Potensi Darurat
•	Keterangan : Plengseng & Jalan terdampak longsor sehingga tidak bisa dilewati kendaraan R2. Dan membahayakan jika dengan berjalan kaki.",,Terganggunya aktifitas masyarakat jika ingin ke sawah dan makam umum.,SELESAI DITANGANI,"Sesek Bambu
•	Sandbag / Sak","Hari Rabu 29 April 2026 Pukul 14.00 WIB Tim tiba di lokasi.
•	Koordinasi dengan Pemerintah Desa.
•	Survey langsung ke titik lokasi dampak cuaca ekstrem.
•	Pendataan kondisi kerusakan dan potensi dampak.
•	Dokumentasi lapangan.",,"Pemerintah Desa dan Masyarakat akan melakukan kerja bhakti hari Minggu, 03 Mei 2026.","Pemerintah Desa dan Masyarakat akan melakukan kerja bhakti hari Minggu, 03 Mei 2026.",https://drive.google.com/open?id=1geEpx84x-gwciX6dBxOuXnqMoFZ0sa_F,"Pukul 15.25 WIB Kegiatan Assesment telah selesai dilaksanakan.
•	Kondisi di area terdampak masih berpotensi longsor.
•	Sampai laporan ini dikirim kondisi diwilayah Kabupaten Nganjuk terpantau aman, lancar dan terkendali. 
•	Cuaca di wilayah terdampak saat ini terpantau Berawan",-7.6682385194444445,111.85361316944444,ok_dms,2026-04-28 00:00:00,2026-04-29 09:38:00,33.63333333333333,0.0,0.0,0.0,2026,4,April,2,1,True
2026-05-26 09:31:56.590,101.3,388/224.101.3/411.406/2026,"1.	Mohammad Syahrul Febri Nurdiansyah
2.	Dhimas Hadi Santoso",1,2026-05-01,07:00:00,WARGA,"7°33’5,21993”S 112°0’14,47733”E",Ketawang,Ketawang,GONDANG,Tanah Longsor Sempadan Sungai,2026-04-02,03:00:00,"Hujan intensitas Sedang - Lebat
•	Peningkatan debit aliran Sungai","Pada hari ini, beredar informasi melalui salah satu media sosial terkait kejadian longsor pada sempadan sungai yang diunggah oleh masyarakat. Dalam unggahan tersebut terlihat adanya longsoran tanah di area tepi sungai yang berpotensi mengganggu lingkungan sekitar.
•	Menindaklanjuti informasi tersebut, dilakukan konfirmasi kepada perangkat desa setempat guna memastikan kebenaran dan waktu kejadian. Berdasarkan hasil koordinasi dengan perangkat Desa Ketawang, diperoleh keterangan bahwa kejadian longsor di sempadan sungai tersebut telah terjadi lebih dari satu bulan yang lalu.",,,,,,,,NIHIL,"Terjadi longsor di sempadan sungai •	Dimensi Longsoran
P : ± 17,5 meter
L : ± 5 meter
T : ± 2,2 meter
Jarak Tepi Longsoran Dengan Jalan Desa ± 60 Cm",,,KOORDINASI,RAMBU,"1.	Koordinasi dengan Pemerintah Desa
2.	Survey langsung ke titik lokasi longsor.
3.	Pemasangan Safety Line area terdampak
4.	Pengukuran dimensi area terdampak
5.	Dokumentasi lapangan.",,"Pemasangan sesek/sandbag pada titik longsor
•	Koordinasi dengan OPD terkait untuk tindak lanjut penanganan","BPBD Nganjuk
•	Perangkat Desa Ketawang",,"Cuaca di wilayah terdampak saat ini terpantau Cerah
•	Sampai laporan ini dibuat kondisi di lokasi terdampak aman terkendali.",-7.551449980555556,112.00402148055555,ok_dms,2026-04-02 03:00:00,2026-05-01 07:00:00,700.0,0.0,0.0,0.0,2026,4,April,2,1,False
2026-05-26 09:39:25.393,90.01,388/234.90.01/411.406/2026,"1.	Didik Santoso, S.E.,M.M
2.	Imam Masduki
3.	Yitno",,2026-05-10,15:00:00,KORAMIL SUKOMORO,"7°35’24,66852”S, 111°56’0,85373”E",Dorogeneng,Pehserut,SUKOMORO,BKO EVAKUASI JENAZAH,2026-05-10,15:30:00,Tersengat Listrik Alat Pencari Ikan.,"Pada hari Minggu, 10 Mei 2026 Pukul 16.13 WIB Pusdalops PB BPBD Kab. Nganjuk menerima informasi dari Babinsa Pehserut tentang adanya Penemuan Jenazah di Sungai Dusun Dorogeneng Desa Pehserut, Sukomoro.
•	Pukul 16.24 WIB memberangkatkan 1 tim untuk melakukan BKO Evakuasi Jenazah.",1 orang MD Warga Ganggangmalang Desa Sumengko kec. sukomoro,,,,,,,NIHIL,,,,SELESAI DITANGANI,,"1.	Hari Minggu, 10 Mei 2026 Pukul 16.30 WIB Tim tiba di lokasi.
2.	Melakukan Assesment dan Koordinasi dengan pihak terkait.
3.	Melakukan Evakuasi.
4.	Dokumentasi lapangan.",,,"BPBD Kab. Nganjuk
•	Koramil Sukomoro
•	Polres Nganjuk
•	Masyarakat",,"Hari Minggu, 10 Mei 2026 Pukul 16.34 WIB Evakuasi telah selesai
•	Selanjutnya korban di bawa ke RS. Bhayangkara Kab. Nganjuk
•	Sampai laporan ini dikirim kondisi diwilayah Kabupaten Nganjuk terpantau aman, lancar dan terkendali
•	Cuaca di wilayah terdampak saat ini terpantau Berawan.",-7.5901857,111.93357048055556,ok_dms,2026-05-10 15:30:00,2026-05-10 15:00:00,-0.5,1.0,0.0,0.0,2026,5,May,2,1,True
2026-06-26 08:19:22.101,90.06,388/280.90.06,AHMAD HAMDAN ABADI,,2026-06-23,22:45:00,Warga masyarakat,"7.600980, 111.918856",Jl. Panglima Sudirman Nganjuk,Mangundikaran,NGANJUK,kebakaran rumah,2026-06-23,22:40:00,konsleting Listrik,Laporan masuk dari warga ada kebakaran rumag pada pukul 22.45 di selatan Mall Luwes,,,,1 KK Terdampak,1 Unit,,,NIHIL,,,,SELESAI DITANGANI,,"Assement kelokasi, Koordinasi dengan Damkar Nganjuk",,,"BPBD, DAMKARMAT NGANJUK, TNI/POLRI, PLN, AMBULANCE NU, WARGA",,AMANDALI,-7.60098,111.918856,ok_decimal_sign_corrected,2026-06-23 22:40:00,2026-06-23 22:45:00,0.08333333333333333,0.0,1.0,1.0,2026,6,June,2,1,True
